"SNP","p_value","p_value_fdr","mean_high","mean_low","significant"
"1__31104",0.00046714987273686,0.00250548941878943,0.0215937068333333,0.991055513166667,TRUE
"1__31410",0.000597254201663704,0.00250548941878943,0.01601400975,0.987824003666667,TRUE
"1__40663",0.000499430992364949,0.00250548941878943,0.0229075535833333,0.9858573955,TRUE
"1__52322",0.000572658142046733,0.00250548941878943,0.0241669776666667,0.9964211745,TRUE
"1__73671",0.000597254201663704,0.00250548941878943,0.01867628725,0.997868251833333,TRUE
"1__74017",0.000760360000592545,0.00250548941878943,0.01900221625,0.998184746833333,TRUE
"1__82174",0.000810564432643503,0.00250548941878943,0.0198932903333333,0.995044258666667,TRUE
"1__83228",0.000689101580614551,0.00250548941878943,0.024005146,0.9939337485,TRUE
"1__83264",0.000689101580614551,0.00250548941878943,0.0236893795833333,0.991059082166667,TRUE
"1__84317",0.000810564432643503,0.00250548941878943,0.0192131698333333,0.994518113666667,TRUE
"1__85211",0.000780179535356726,0.00250548941878943,0.02655548525,0.9922315745,TRUE
"1__85278",0.000810564432643503,0.00250548941878943,0.0235201906666667,0.990090769833333,TRUE
"1__87126",0.000831261886943806,0.00250548941878943,0.02286308625,0.992249261333333,TRUE
"1__107180",0.000862975761249014,0.00250548941878943,0.02232398825,0.984750928,TRUE
"1__109428",0.000857634177348664,0.00250548941878943,0.02551834475,0.995721557,TRUE
"1__132074",0.000661930964080142,0.00250548941878943,0.01869408925,0.994279007833333,TRUE
"1__136286",0.000810564432643503,0.00250548941878943,0.03327968825,0.9960804885,TRUE
"1__844126",0.000857634177348664,0.00250548941878943,0.260669703416667,0.9932151105,TRUE
"1__855001",0.000862975761249014,0.00250548941878943,0.381361675583333,0.997267852166667,TRUE
"2__882846",0.000879135470753065,0.00250548941878943,0.2099277105,0.993686446166667,TRUE
"3__103469",0.000879135470753065,0.00250548941878943,0.290406566666667,0.997028949,TRUE
"3__103639",0.000831261886943806,0.00250548941878943,0.279017343166667,0.998351353333333,TRUE
"3__104045",0.000707635285095136,0.00250548941878943,0.29102719275,1,TRUE
"3__109686",0.000879135470753065,0.00250548941878943,0.281468853333333,0.995367576666667,TRUE
"3__127366",0.000879135470753065,0.00250548941878943,0.289600008,0.99720976,TRUE
"3__134908",0.000775192015245945,0.00250548941878943,0.138513415166667,0.9974358975,TRUE
"3__135390",0.000826054277995387,0.00250548941878943,0.131676140416667,0.998790378666667,TRUE
"3__135391",0.000826054277995387,0.00250548941878943,0.1293609155,0.9987822795,TRUE
"3__138894",0.000857634177348664,0.00250548941878943,0.14794130675,0.995418136,TRUE
"3__145262",0.000775192015245945,0.00250548941878943,0.147197843916667,0.998907103833333,TRUE
"3__148866",0.000826054277995387,0.00250548941878943,0.125963796083333,0.994002304166667,TRUE
"3__150336",0.000831261886943806,0.00250548941878943,0.133764740583333,0.997052154333333,TRUE
"3__152405",0.000826054277995387,0.00250548941878943,0.14193739625,0.998091249166667,TRUE
"3__152407",0.000857634177348664,0.00250548941878943,0.142333226833333,0.997517558333333,TRUE
"3__163073",0.000879135470753065,0.00250548941878943,0.116281438583333,0.994819789833333,TRUE
"3__163924",0.000873726368956886,0.00250548941878943,0.118127570333333,0.994258516,TRUE
"3__163990",0.000857634177348664,0.00250548941878943,0.120528330416667,0.995863066833333,TRUE
"3__209502",0.000884567156305002,0.00250548941878943,0.305605781333333,0.995733380666667,TRUE
"3__218094",0.000884567156305002,0.00250548941878943,0.276615699,0.995179411333333,TRUE
"3__222215",0.000780179535356726,0.00250548941878943,0.142716061583333,0.998181818166667,TRUE
"3__222391",0.000862975761249014,0.00250548941878943,0.135261708083333,0.996539385166667,TRUE
"3__223545",0.000862975761249014,0.00250548941878943,0.168694263583333,0.995018598,TRUE
"3__224434",0.000879135470753065,0.00250548941878943,0.151164735666667,0.996717816833333,TRUE
"3__224719",0.000831261886943806,0.00250548941878943,0.150332934583333,0.996546084333333,TRUE
"3__224736",0.000831261886943806,0.00250548941878943,0.141672631833333,0.997000155833333,TRUE
"3__225022",0.000831261886943806,0.00250548941878943,0.14339534625,0.995212308833333,TRUE
"3__226443",0.000780179535356726,0.00250548941878943,0.148811244333333,0.998593530166667,TRUE
"3__231270",0.000831261886943806,0.00250548941878943,0.0865967900833333,0.988484352166667,TRUE
"3__231271",0.000879135470753065,0.00250548941878943,0.0856032119166667,0.9883358795,TRUE
"3__231272",0.000862975761249014,0.00250548941878943,0.0861034441666667,0.987147700833333,TRUE
"3__231273",0.000862975761249014,0.00250548941878943,0.0857986813333333,0.985608200333333,TRUE
"3__231442",0.000831261886943806,0.00250548941878943,0.119362116583333,0.993633995666667,TRUE
"3__231797",0.000884567156305002,0.00250548941878943,0.130264968166667,0.994835466166667,TRUE
"3__232480",0.000862975761249014,0.00250548941878943,0.13034033825,0.996196881,TRUE
"3__233353",0.000884567156305002,0.00250548941878943,0.154592431416667,0.991355101833333,TRUE
"3__233818",0.000831261886943806,0.00250548941878943,0.146730706416667,0.9962265885,TRUE
"3__233863",0.000831261886943806,0.00250548941878943,0.144017339083333,0.998289878666667,TRUE
"3__235069",0.000831261886943806,0.00250548941878943,0.169524373583333,0.997968028833333,TRUE
"3__235613",0.000884567156305002,0.00250548941878943,0.17084496825,0.992000392833333,TRUE
"3__236451",0.000879135470753065,0.00250548941878943,0.164114728916667,0.993951580666667,TRUE
"3__237328",0.000879135470753065,0.00250548941878943,0.175546686416667,0.995684010166667,TRUE
"3__237383",0.000879135470753065,0.00250548941878943,0.140624844166667,0.985842466833333,TRUE
"3__237384",0.000879135470753065,0.00250548941878943,0.142063569166667,0.9847574975,TRUE
"3__237385",0.000884567156305002,0.00250548941878943,0.143294040333333,0.984578852833333,TRUE
"3__237388",0.000884567156305002,0.00250548941878943,0.140519221833333,0.985158202666667,TRUE
"3__237391",0.000879135470753065,0.00250548941878943,0.141209392583333,0.985785415,TRUE
"3__237394",0.000884567156305002,0.00250548941878943,0.14476815725,0.985995864666667,TRUE
"4__551146",0.000862975761249014,0.00250548941878943,0.02967001475,0.997008311666667,TRUE
"4__568732",0.000884567156305002,0.00250548941878943,0.0227652751666667,0.994102752166667,TRUE
"4__625854",0.000826054277995387,0.00250548941878943,0.302456260166667,0.998451099333333,TRUE
"4__900323",0.000826054277995387,0.00250548941878943,0.25496916525,0.998636792666667,TRUE
"4__912899",0.000831261886943806,0.00250548941878943,0.272531410833333,0.996340749333333,TRUE
"4__923333",0.000862975761249014,0.00250548941878943,0.2653316745,0.9964742665,TRUE
"4__928639",0.000831261886943806,0.00250548941878943,0.263259763,0.997803235666667,TRUE
"4__930187",0.000831261886943806,0.00250548941878943,0.27951802825,0.997477926333333,TRUE
"4__943013",0.000831261886943806,0.00250548941878943,0.264045368583333,0.9978698605,TRUE
"4__943332",0.000780179535356726,0.00250548941878943,0.264450876333333,0.998525073666667,TRUE
"4__1089461",0.000873726368956886,0.00250548941878943,0.237055382833333,0.9948581,TRUE
"5__627816",0.000862975761249014,0.00250548941878943,0.186153309,0.995963548166667,TRUE
"5__813249",0.000862975761249014,0.00250548941878943,0.151587476416667,0.987937457666667,TRUE
"5__823050",0.000831261886943806,0.00250548941878943,0.145549026666667,0.994853721166667,TRUE
"5__823735",0.000857634177348664,0.00250548941878943,0.136484633416667,0.9952262035,TRUE
"5__825172",0.000857634177348664,0.00250548941878943,0.14167031075,0.996410243833333,TRUE
"5__825243",0.000382183998053307,0.00250548941878943,0.0263759961666667,0.5311456705,TRUE
"5__825723",0.000857634177348664,0.00250548941878943,0.145105545,0.9939304125,TRUE
"5__826951",0.000857634177348664,0.00250548941878943,0.143808388416667,0.991152263333333,TRUE
"5__827712",0.000862975761249014,0.00250548941878943,0.14747070825,0.993872024333333,TRUE
"5__828710",0.000879135470753065,0.00250548941878943,0.1599258825,0.993019484666667,TRUE
"5__830697",0.000884567156305002,0.00250548941878943,0.157047651416667,0.988297700666667,TRUE
"5__838123",0.000884567156305002,0.00250548941878943,0.1761410035,0.9789441145,TRUE
"5__838144",0.000884567156305002,0.00250548941878943,0.178324492916667,0.9789849035,TRUE
"5__838340",0.000884567156305002,0.00250548941878943,0.18420743375,0.985361585833333,TRUE
"5__845569",0.000862975761249014,0.00250548941878943,0.1835786405,0.987580902666667,TRUE
"5__846555",0.000862975761249014,0.00250548941878943,0.189712115333333,0.986579098166667,TRUE
"5__848024",0.000862975761249014,0.00250548941878943,0.182803122916667,0.990225507666667,TRUE
"5__902822",0.000862975761249014,0.00250548941878943,0.24884450575,0.991170720333333,TRUE
"5__921624",0.000831261886943806,0.00250548941878943,0.266412693416667,0.998590819,TRUE
"5__923631",0.000879135470753065,0.00250548941878943,0.251512784,0.995473634166667,TRUE
"5__936793",0.000879135470753065,0.00250548941878943,0.253899196333333,0.992269889333333,TRUE
"6__857791",0.000831261886943806,0.00250548941878943,0.398000129333333,0.996271736,TRUE
"6__883768",0.000780179535356726,0.00250548941878943,0.353184498833333,0.9994994995,TRUE
"6__892303",0.000862975761249014,0.00250548941878943,0.37620281675,0.996559364166667,TRUE
"6__896036",0.000879135470753065,0.00250548941878943,0.374673589166667,0.994520413,TRUE
"6__897010",0.000831261886943806,0.00250548941878943,0.403694945833333,0.9967509015,TRUE
"6__1023215",0.000884567156305002,0.00250548941878943,0.17808275325,0.992428017333333,TRUE
"6__1024745",0.000862975761249014,0.00250548941878943,0.176762936416667,0.994243712333333,TRUE
"6__1031627",0.000862975761249014,0.00250548941878943,0.0731146795,0.9928843985,TRUE
"6__1041532",0.000862975761249014,0.00250548941878943,0.114332132666667,0.990146765166667,TRUE
"6__1042552",0.000884567156305002,0.00250548941878943,0.104849459916667,0.9845808605,TRUE
"6__1048630",0.000879135470753065,0.00250548941878943,0.0997601421666667,0.989987938166667,TRUE
"6__1048868",0.000884567156305002,0.00250548941878943,0.087319062,0.978212401833333,TRUE
"6__1056029",0.000879135470753065,0.00250548941878943,0.0830724891666667,0.994322030833333,TRUE
"6__1109275",0.000841743835039597,0.00250548941878943,0.1953267305,0.997461548,TRUE
"6__1115722",0.000862975761249014,0.00250548941878943,0.182297381583333,0.995796996666667,TRUE
"6__1115787",0.000862975761249014,0.00250548941878943,0.1852011655,0.996354724,TRUE
"6__1117130",0.000857634177348664,0.00250548941878943,0.175521262,0.995338149166667,TRUE
"6__1127136",0.000775192015245945,0.00250548941878943,0.18650821175,0.998873873833333,TRUE
"6__1127518",0.000862975761249014,0.00250548941878943,0.186190043666667,0.9981047345,TRUE
"6__1143607",0.000879135470753065,0.00250548941878943,0.185539073166667,0.994504169,TRUE
"6__1143769",0.000857634177348664,0.00250548941878943,0.180982397916667,0.9961004625,TRUE
"6__1153687",0.000857634177348664,0.00250548941878943,0.165412603916667,0.9893633405,TRUE
"6__1235753",0.000826054277995387,0.00250548941878943,0.1453766775,0.996986983666667,TRUE
"6__1242156",0.000873726368956886,0.00250548941878943,0.155582675916667,0.9955491325,TRUE
"6__1243062",0.000862975761249014,0.00250548941878943,0.159490917,0.998147108166667,TRUE
"6__1245532",0.000780179535356726,0.00250548941878943,0.164544389833333,0.998470948,TRUE
"6__1253071",0.000841743835039597,0.00250548941878943,0.164244532833333,0.991421208,TRUE
"7__32597",0.000884567156305002,0.00250548941878943,0.1991912655,0.538064916333333,TRUE
"7__33460",0.000884567156305002,0.00250548941878943,0.178523238416667,0.5074462885,TRUE
"7__35758",0.000884567156305002,0.00250548941878943,0.1792865925,0.527796869333333,TRUE
"7__35914",0.000884567156305002,0.00250548941878943,0.243480892416667,0.566519015833333,TRUE
"7__36007",0.000884567156305002,0.00250548941878943,0.238529963666667,0.571590137,TRUE
"7__155222",0.000873726368956886,0.00250548941878943,0.22288882225,0.9898515335,TRUE
"7__165357",0.000862975761249014,0.00250548941878943,0.244815595083333,0.9952456305,TRUE
"7__169956",0.000873726368956886,0.00250548941878943,0.215221651833333,0.9943185275,TRUE
"7__171411",0.000873726368956886,0.00250548941878943,0.235347636166667,0.9969019875,TRUE
"7__171539",0.000857634177348664,0.00250548941878943,0.234702888666667,0.996648207833333,TRUE
"7__172677",0.000831261886943806,0.00250548941878943,0.234857952583333,0.993583758333333,TRUE
"7__172987",0.000857634177348664,0.00250548941878943,0.222082652666667,0.996045472666667,TRUE
"7__183433",0.000879135470753065,0.00250548941878943,0.205478659583333,0.9437156145,TRUE
"7__185661",0.000826054277995387,0.00250548941878943,0.2201227925,0.9956375005,TRUE
"7__200215",0.000873726368956886,0.00250548941878943,0.254518248916667,0.992756914666667,TRUE
"7__210709",0.000879135470753065,0.00250548941878943,0.26062332625,0.995126336166667,TRUE
"7__1193605",0.000873726368956886,0.00250548941878943,0.157600145583333,0.996106511333333,TRUE
"7__1194057",0.000810564432643503,0.00250548941878943,0.154166549583333,0.996944232166667,TRUE
"7__1196878",0.000780179535356726,0.00250548941878943,0.154296400083333,0.997032697,TRUE
"7__1200973",0.000841743835039597,0.00250548941878943,0.15352012725,0.996400116166667,TRUE
"7__1208946",0.000873726368956886,0.00250548941878943,0.15714928275,0.995357593833333,TRUE
"7__1209973",0.000831261886943806,0.00250548941878943,0.15478122775,0.997578035333333,TRUE
"7__1210097",0.000760360000592545,0.00250548941878943,0.157599387666667,0.999296765166667,TRUE
"7__1210423",0.000780179535356726,0.00250548941878943,0.162341839083333,0.9995791245,TRUE
"7__1210531",0.000775192015245945,0.00250548941878943,0.15876500125,0.999506903333333,TRUE
"7__1210574",0.000775192015245945,0.00250548941878943,0.159604266833333,0.999479166666667,TRUE
"7__1210624",0.000775192015245945,0.00250548941878943,0.162951637833333,0.999582289,TRUE
"7__1210642",0.000775192015245945,0.00250548941878943,0.16299813,0.999578059,TRUE
"7__1211098",0.000810564432643503,0.00250548941878943,0.16167405675,0.998047410166667,TRUE
"7__1211197",0.000826054277995387,0.00250548941878943,0.16012448325,0.996686656166667,TRUE
"7__1219760",0.000841743835039597,0.00250548941878943,0.15329119775,0.9955595355,TRUE
"7__1222178",0.000841743835039597,0.00250548941878943,0.149556275416667,0.996229680666667,TRUE
"7__1222320",0.000873726368956886,0.00250548941878943,0.149097166583333,0.996021656,TRUE
"7__1225903",0.000826054277995387,0.00250548941878943,0.009847408,0.995196304,TRUE
"7__1226429",0.000618303187653686,0.00250548941878943,0.0140320385,0.998605299833333,TRUE
"7__1255902",0.000857634177348664,0.00250548941878943,0.184026398416667,0.995712046666667,TRUE
"7__1260268",0.000831261886943806,0.00250548941878943,0.18343308675,0.997369442833333,TRUE
"7__1260493",0.000862975761249014,0.00250548941878943,0.181849449916667,0.995226820833333,TRUE
"7__1268667",0.000862975761249014,0.00250548941878943,0.182063073333333,0.998752857166667,TRUE
"7__1277813",0.000826054277995387,0.00250548941878943,0.180438135083333,0.99870996,TRUE
"7__1287994",0.000826054277995387,0.00250548941878943,0.187800494166667,0.997871434666667,TRUE
"7__1299854",0.000826054277995387,0.00250548941878943,0.179563435,0.9964632155,TRUE
"7__1300306",0.000810564432643503,0.00250548941878943,0.174024694333333,0.998461678333333,TRUE
"7__1312184",0.000873726368956886,0.00250548941878943,0.17541995825,0.9933322665,TRUE
"7__1313116",0.000857634177348664,0.00250548941878943,0.171250478166667,0.993321391833333,TRUE
"8__132714",0.000770226280203871,0.00250548941878943,0.0333732279166667,0.995197117166667,TRUE
"8__178552",0.000775192015245945,0.00250548941878943,0.477983111333333,0.997175141166667,TRUE
"8__246363",0.000857634177348664,0.00250548941878943,0.232481037916667,0.993535250166667,TRUE
"3__192170",0.00109428443906105,0.00301140291369513,0.272702295916667,0.998941799,TRUE
"6__1125925",0.00108765169574576,0.00301140291369513,0.18560281425,0.998605299833333,TRUE
"6__1125942",0.00108765169574576,0.00301140291369513,0.184729425083333,0.998505231666667,TRUE
"6__1127997",0.00108765169574576,0.00301140291369513,0.185404731416667,0.998687664,TRUE
"6__1128006",0.00108765169574576,0.00301140291369513,0.185874679083333,0.9985754985,TRUE
"6__1128063",0.00108765169574576,0.00301140291369513,0.187449631166667,0.998470948,TRUE
"6__1128078",0.00108765169574576,0.00301140291369513,0.187840793416667,0.999221183833333,TRUE
"6__1153478",0.00109428443906105,0.00301140291369513,0.183211058,0.999570446666667,TRUE
"2__785378",0.00120408384346501,0.00306782127581397,0.330542359583333,0.995818264833333,TRUE
"3__22643",0.00120408384346501,0.00306782127581397,0.374284458666667,0.998133669833333,TRUE
"3__26125",0.00120408384346501,0.00306782127581397,0.38043129525,0.997451329166667,TRUE
"3__27895",0.00120408384346501,0.00306782127581397,0.38205968025,0.997344794333333,TRUE
"3__50708",0.00120408384346501,0.00306782127581397,0.367789280583333,0.9957917385,TRUE
"3__114518",0.00120408384346501,0.00306782127581397,0.27125348025,0.997783871833333,TRUE
"3__115087",0.00120408384346501,0.00306782127581397,0.277033249166667,0.996267013666667,TRUE
"4__582845",0.00120408384346501,0.00306782127581397,0.25873227925,0.9980552945,TRUE
"4__890254",0.00120408384346501,0.00306782127581397,0.247913763,0.995952930333333,TRUE
"6__893412",0.00116209392609057,0.00306782127581397,0.381178158916667,0.997703312333333,TRUE
"6__931044",0.00116209392609057,0.00306782127581397,0.387089372916667,0.997382802833333,TRUE
"6__1128144",0.00113464565170441,0.00306782127581397,0.188735438833333,0.998592710833333,TRUE
"6__1128864",0.00120408384346501,0.00306782127581397,0.186429700333333,0.996366107,TRUE
"6__1128982",0.00115519111893019,0.00306782127581397,0.187179331583333,0.997789188333333,TRUE
"6__1128983",0.00116209392609057,0.00306782127581397,0.187369831166667,0.9977991265,TRUE
"6__1158521",0.00119701710720498,0.00306782127581397,0.182880078083333,0.997755806166667,TRUE
"7__1262644",0.00116209392609057,0.00306782127581397,0.181259480333333,0.996153262,TRUE
"7__1287197",0.00115519111893019,0.00306782127581397,0.188365275583333,0.9987349735,TRUE
"7__1296479",0.00115519111893019,0.00306782127581397,0.180051768583333,0.996743528333333,TRUE
"3__118260",0.00122544894202496,0.00308535017318342,0.289978904583333,0.994508599666667,TRUE
"6__1116871",0.00121829972287321,0.00308535017318342,0.1797415435,0.9942298235,TRUE
"6__1149101",0.00151328585093286,0.00379211630880823,0.184001362833333,0.997126436833333,TRUE
"3__23276",0.00161116117372497,0.00380971474598064,0.372044991416667,0.997137247,TRUE
"3__26099",0.00166622147118739,0.00380971474598064,0.378217569916667,0.996375924,TRUE
"3__36296",0.00166622147118739,0.00380971474598064,0.388051044583333,0.993930321666667,TRUE
"3__102291",0.00170358967695391,0.00380971474598064,0.283268636583333,0.9903712765,TRUE
"3__103948",0.00166622147118739,0.00380971474598064,0.283275164,0.996925490833333,TRUE
"3__237796",0.00170358967695391,0.00380971474598064,0.159581994583333,0.780080550333333,TRUE
"4__655206",0.00161116117372497,0.00380971474598064,0.2417389965,0.9963786805,TRUE
"4__791159",0.00161116117372497,0.00380971474598064,0.2285489575,0.997174490333333,TRUE
"4__911755",0.00161116117372497,0.00380971474598064,0.2753966095,0.995015401333333,TRUE
"4__935117",0.00166622147118739,0.00380971474598064,0.27762335075,0.993640875333333,TRUE
"5__863560",0.00160209974333714,0.00380971474598064,0.178326363916667,0.998231982,TRUE
"6__890729",0.00169419786981248,0.00380971474598064,0.376648901333333,0.997415571833333,TRUE
"6__910145",0.00170358967695391,0.00380971474598064,0.415969554083333,0.9887503685,TRUE
"6__1126161",0.00160209974333714,0.00380971474598064,0.184511798916667,0.996672093333333,TRUE
"6__1128917",0.00169419786981248,0.00380971474598064,0.189474381666667,0.9969827895,TRUE
"6__1128930",0.00169419786981248,0.00380971474598064,0.19074131525,0.9967628055,TRUE
"6__1129471",0.00161116117372497,0.00380971474598064,0.1883076165,0.993617203166667,TRUE
"6__1129518",0.00166622147118739,0.00380971474598064,0.188642352166667,0.991808710166667,TRUE
"6__1129565",0.00166622147118739,0.00380971474598064,0.18819178025,0.994392249166667,TRUE
"6__1140237",0.00169419786981248,0.00380971474598064,0.185145710583333,0.994558367833333,TRUE
"6__1140898",0.00161116117372497,0.00380971474598064,0.181619268166667,0.995614535833333,TRUE
"6__1140917",0.00161116117372497,0.00380971474598064,0.181616303,0.9932841615,TRUE
"6__1157154",0.00166622147118739,0.00380971474598064,0.182935118833333,0.9982728575,TRUE
"6__1160705",0.00165696223181663,0.00380971474598064,0.179600885666667,0.997302583333333,TRUE
"6__1166408",0.00165696223181663,0.00380971474598064,0.18361267625,0.996558423166667,TRUE
"6__1182743",0.00169419786981248,0.00380971474598064,0.176946534416667,0.995165421166667,TRUE
"6__1197039",0.00160209974333714,0.00380971474598064,0.181505634916667,0.997724780666667,TRUE
"7__1260643",0.00161116117372497,0.00380971474598064,0.185606317916667,0.996692564666667,TRUE
"7__1264275",0.00166622147118739,0.00380971474598064,0.17869177325,0.992748974666667,TRUE
"7__1264881",0.00161116117372497,0.00380971474598064,0.1820814685,0.995201813333333,TRUE
"7__1267786",0.00161116117372497,0.00380971474598064,0.179257771583333,0.997591118666667,TRUE
"6__1120209",0.00216846072576363,0.00481127223528806,0.182299139666667,0.994952944666667,TRUE
"3__7056",0.00221534445688467,0.00485123192257724,0.382142652916667,0.997263467833333,TRUE
"3__15997",0.00228684473996279,0.00485123192257724,0.363329156666667,0.994125631666667,TRUE
"3__34627",0.00228684473996279,0.00485123192257724,0.376240015,0.996632802,TRUE
"3__103794",0.00228684473996279,0.00485123192257724,0.27371593125,0.995440545666667,TRUE
"3__115535",0.00221534445688467,0.00485123192257724,0.278251818333333,0.995706928333333,TRUE
"3__201734",0.00228684473996279,0.00485123192257724,0.266723375583333,0.990511494333333,TRUE
"4__587056",0.00228684473996279,0.00485123192257724,0.262048732583333,0.992887989,TRUE
"6__926355",0.00221534445688467,0.00485123192257724,0.385175459166667,0.9955297715,TRUE
"6__931126",0.0023231251460229,0.00485123192257724,0.396976337166667,0.993878009,TRUE
"6__1113482",0.0023231251460229,0.00485123192257724,0.187671160666667,0.994283780833333,TRUE
"6__1115209",0.0023231251460229,0.00485123192257724,0.184656982333333,0.9919656075,TRUE
"6__1125945",0.0022748299215492,0.00485123192257724,0.186078672833333,0.9958528155,TRUE
"6__1128885",0.00228684473996279,0.00485123192257724,0.189951373666667,0.995370385166667,TRUE
"6__1137820",0.00228684473996279,0.00485123192257724,0.182667882583333,0.994956469333333,TRUE
"6__1141839",0.00228684473996279,0.00485123192257724,0.18680707525,0.9956877805,TRUE
"6__1144701",0.0023231251460229,0.00485123192257724,0.184463683333333,0.996623807666667,TRUE
"6__1153681",0.0022748299215492,0.00485123192257724,0.168820076333333,0.990322348833333,TRUE
"6__1163632",0.0022748299215492,0.00485123192257724,0.176630437,0.9951984725,TRUE
"6__1177126",0.00228684473996279,0.00485123192257724,0.178911092916667,0.995667291833333,TRUE
"7__1189417",0.00220356489091175,0.00485123192257724,0.17633996225,0.997960703666667,TRUE
"6__1142134",0.00233529735558864,0.00485760094473028,0.18392214825,0.993350264,TRUE
"6__1166482",0.00233529735558864,0.00485760094473028,0.185155836833333,0.996200128833333,TRUE
"6__1123475",0.00287148257867739,0.00591514302957722,0.212083495166667,0.996789750833333,TRUE
"6__1128210",0.00287148257867739,0.00591514302957722,0.183631288916667,0.998852189833333,TRUE
"3__15813",0.00311300096877763,0.00600606165171771,0.359953141833333,0.993403624833333,TRUE
"3__16876",0.00311300096877763,0.00600606165171771,0.369669528,0.996282198666667,TRUE
"3__58804",0.00302105590259337,0.00600606165171771,0.4231253025,0.994588578833333,TRUE
"3__76579",0.00302105590259337,0.00600606165171771,0.412923186916667,0.994912274,TRUE
"3__94523",0.00302105590259337,0.00600606165171771,0.299182243333333,0.994428839,TRUE
"3__94806",0.00311300096877763,0.00600606165171771,0.293266242916667,0.995554616666667,TRUE
"5__852215",0.00311300096877763,0.00600606165171771,0.181490795583333,0.992922192833333,TRUE
"6__932620",0.00311300096877763,0.00600606165171771,0.392488920416667,0.9889984335,TRUE
"6__1125122",0.00310330000774912,0.00600606165171771,0.208676770083333,0.9974358975,TRUE
"6__1125355",0.00305152054252319,0.00600606165171771,0.193713435916667,0.996594413666667,TRUE
"6__1127352",0.00310330000774912,0.00600606165171771,0.188160619333333,0.997354497333333,TRUE
"6__1127373",0.00310330000774912,0.00600606165171771,0.18813097225,0.998272884333333,TRUE
"6__1129201",0.00311300096877763,0.00600606165171771,0.18533547675,0.9919644645,TRUE
"6__1129581",0.00311300096877763,0.00600606165171771,0.185989813416667,0.994000046666667,TRUE
"6__1129663",0.00302105590259337,0.00600606165171771,0.185501257583333,0.996251928333333,TRUE
"6__1130104",0.00302105590259337,0.00600606165171771,0.181468699416667,0.996201429,TRUE
"6__1130125",0.00302105590259337,0.00600606165171771,0.181261501916667,0.9955004455,TRUE
"6__1133976",0.00311300096877763,0.00600606165171771,0.189280146583333,0.991835368666667,TRUE
"6__1133994",0.00311300096877763,0.00600606165171771,0.18910627375,0.9923690865,TRUE
"6__1146870",0.00311300096877763,0.00600606165171771,0.183723103083333,0.991795613166667,TRUE
"6__1152300",0.0030975619256933,0.00600606165171771,0.182128631333333,0.995655366333333,TRUE
"6__1153867",0.00300589241400712,0.00600606165171771,0.183173512416667,0.996500523333333,TRUE
"6__1161629",0.00303995185409422,0.00600606165171771,0.179853562166667,0.993788819833333,TRUE
"6__1161642",0.00303995185409422,0.00600606165171771,0.179791015083333,0.995833333333333,TRUE
"6__1161755",0.00303995185409422,0.00600606165171771,0.175386516333333,0.996212121166667,TRUE
"6__1164660",0.00311300096877763,0.00600606165171771,0.181314564833333,0.995470765,TRUE
"6__1166982",0.00311300096877763,0.00600606165171771,0.18699846275,0.996658828,TRUE
"6__1174801",0.00311300096877763,0.00600606165171771,0.17596802025,0.992834816666667,TRUE
"6__1124140",0.00315959407773089,0.00601962020175921,0.197075903,0.993038459,TRUE
"6__1128808",0.00315959407773089,0.00601962020175921,0.185940657083333,0.993796959,TRUE
"6__1131643",0.00315959407773089,0.00601962020175921,0.185210860166667,0.997678945,TRUE
"6__1143557",0.00315959407773089,0.00601962020175921,0.180846793583333,0.994228252833333,TRUE
"6__1175808",0.00315959407773089,0.00601962020175921,0.177915054083333,0.994319870166667,TRUE
"5__896768",0.00317521716113178,0.00602781867487585,0.1795115565,0.989481183666667,TRUE
"6__1134060",0.00317521716113178,0.00602781867487585,0.189724261416667,0.9947176525,TRUE
"7__1168329",0.00318435785856175,0.00603441480314638,0.168136267666667,0.995865835333333,TRUE
"6__1114115",0.00349989469571768,0.00658549090271967,0.181253356,0.994644473333333,TRUE
"6__1146405",0.00349989469571768,0.00658549090271967,0.185470721333333,0.996384137666667,TRUE
"6__1139902",0.00363840318698506,0.00682200597559698,0.179827972833333,0.992743104666667,TRUE
"3__95613",0.00389514619943201,0.00710330599725187,0.311065616833333,0.997181063833333,TRUE
"3__200362",0.00389514619943201,0.00710330599725187,0.299290888,0.992644973333333,TRUE
"4__675713",0.00389514619943201,0.00710330599725187,0.256516346666667,0.9960129455,TRUE
"6__1124238",0.00387634758864839,0.00710330599725187,0.203812067083333,0.997784690666667,TRUE
"6__1129453",0.00389514619943201,0.00710330599725187,0.190365435833333,0.99442642,TRUE
"6__1153341",0.00387634758864839,0.00710330599725187,0.187045400333333,0.998267028833333,TRUE
"6__1163160",0.00387634758864839,0.00710330599725187,0.182457542916667,0.997374847333333,TRUE
"6__1218994",0.00387634758864839,0.00710330599725187,0.27082547,0.9974861105,TRUE
"6__1122668",0.00400904864092138,0.00728606962897828,0.20450331575,0.993725361,TRUE
"6__1125475",0.00400904864092138,0.00728606962897828,0.190753704416667,0.9962857895,TRUE
"6__1130736",0.0042031194763143,0.00748673697657701,0.184383067833333,0.995956607833333,TRUE
"6__1139276",0.00418347419426828,0.00748673697657701,0.179971708916667,0.987606129833333,TRUE
"6__1152774",0.00418347419426828,0.00748673697657701,0.184361303833333,0.996818733,TRUE
"6__1153087",0.00418347419426828,0.00748673697657701,0.18385332475,0.997066900833333,TRUE
"6__1148396",0.0042425688599255,0.00751802967690626,0.181141202166667,0.991586268,TRUE
"6__1136633",0.00426237296304439,0.00753814042660335,0.184621101583333,0.992692157166667,TRUE
"6__1162800",0.00465076345905762,0.00817337142557156,0.182185121,0.996888642,TRUE
"3__78940",0.00473738308085389,0.00823052688598595,0.40312257625,0.989072953,TRUE
"6__1152255",0.00471564343039771,0.00823052688598595,0.182932756666667,0.995896587666667,TRUE
"6__1155863",0.00471564343039771,0.00823052688598595,0.184806310916667,0.9957136675,TRUE
"6__1161079",0.00471564343039771,0.00823052688598595,0.177461243583333,0.995998879666667,TRUE
"3__23846",0.00524010944390216,0.00878853001221386,0.390054983666667,0.99652302,TRUE
"3__199815",0.00524010944390216,0.00878853001221386,0.331311959583333,0.995803140166667,TRUE
"6__1130124",0.00524010944390216,0.00878853001221386,0.181819945166667,0.995510232166667,TRUE
"6__1146096",0.00524010944390216,0.00878853001221386,0.189855752833333,0.994953070833333,TRUE
"6__1148870",0.00524010944390216,0.00878853001221386,0.185202876333333,0.994716634333333,TRUE
"6__1155698",0.0052163188078576,0.00878853001221386,0.181538768833333,0.997189762,TRUE
"6__1162649",0.00514530809110296,0.00878853001221386,0.179496974,0.996153925833333,TRUE
"6__1217125",0.0052163188078576,0.00878853001221386,0.2629590935,0.9967384955,TRUE
"4__806864",0.00570354661154681,0.00901787425540383,0.23518549275,0.990510702333333,TRUE
"5__895743",0.00570354661154681,0.00901787425540383,0.179578860833333,0.987437168833333,TRUE
"6__944725",0.00570354661154681,0.00901787425540383,0.363392266416667,0.987777772833333,TRUE
"6__945648",0.0056289327359669,0.00901787425540383,0.368550264583333,0.9939990385,TRUE
"6__1118145",0.00570354661154681,0.00901787425540383,0.184793017166667,0.992863743833333,TRUE
"6__1129661",0.0056289327359669,0.00901787425540383,0.184150939583333,0.995394408833333,TRUE
"6__1130432",0.00560418122720814,0.00901787425540383,0.1777129115,0.996077385333333,TRUE
"6__1134354",0.0056289327359669,0.00901787425540383,0.1847313485,0.995266312,TRUE
"6__1135026",0.00570354661154681,0.00901787425540383,0.185431661583333,0.992082515,TRUE
"6__1136050",0.00570354661154681,0.00901787425540383,0.184230756833333,0.992936179333333,TRUE
"6__1136672",0.00570354661154681,0.00901787425540383,0.18344186025,0.993060215833333,TRUE
"6__1137713",0.00572853762085974,0.00901787425540383,0.17941004375,0.991773032,TRUE
"6__1145833",0.00570354661154681,0.00901787425540383,0.1858279785,0.992126279833333,TRUE
"6__1147144",0.00572853762085974,0.00901787425540383,0.18554331475,0.992759493666667,TRUE
"6__1148231",0.00557948964210584,0.00901787425540383,0.182649899333333,0.991515740333333,TRUE
"6__1149551",0.00567861544768758,0.00901787425540383,0.184149576416667,0.994113367833333,TRUE
"6__1151346",0.00567861544768758,0.00901787425540383,0.1871713845,0.985771152833333,TRUE
"6__1151535",0.00572853762085974,0.00901787425540383,0.187632652,0.9877725385,TRUE
"6__1161354",0.00570354661154681,0.00901787425540383,0.181865661083333,0.979609774,TRUE
"6__1165082",0.0056289327359669,0.00901787425540383,0.182142268666667,0.9933373885,TRUE
"6__1166762",0.0056289327359669,0.00901787425540383,0.187347980666667,0.994425867833333,TRUE
"6__1225912",0.00553028631789876,0.00901787425540383,0.276710530416667,0.989153283666667,TRUE
"6__938952",0.00632914529874626,0.00933592762211186,0.391640381416667,0.982763881166667,TRUE
"6__1129801",0.00632914529874626,0.00933592762211186,0.1856644875,0.995394533833333,TRUE
"6__1129849",0.00632914529874626,0.00933592762211186,0.183781517416667,0.996210165166667,TRUE
"6__1132329",0.00632914529874626,0.00933592762211186,0.179461848833333,0.994127258666667,TRUE
"6__1134109",0.00632914529874626,0.00933592762211186,0.18885533475,0.994413980333333,TRUE
"6__1169013",0.00632914529874626,0.00933592762211186,0.183556894916667,0.994764912666667,TRUE
"6__1169052",0.00632914529874626,0.00933592762211186,0.183624634833333,0.993849786333333,TRUE
"6__1169121",0.00632914529874626,0.00933592762211186,0.18306982875,0.993957089333333,TRUE
"6__1173263",0.00632914529874626,0.00933592762211186,0.179016872833333,0.9921481775,TRUE
"6__1130400",0.00744659751354901,0.0108638717149722,0.1800608565,0.9963225555,TRUE
"6__1150475",0.00744659751354901,0.0108638717149722,0.185222367666667,0.991220081333333,TRUE
"6__1150955",0.00744659751354901,0.0108638717149722,0.184997770333333,0.990746785833333,TRUE
"6__1163610",0.00744659751354901,0.0108638717149722,0.175552220083333,0.994032140833333,TRUE
"6__1214010",0.00744659751354901,0.0108638717149722,0.285871145333333,0.994191554,TRUE
"6__1136700",0.00747747332508195,0.0108642688829635,0.1829795325,0.991252041666667,TRUE
"6__1161356",0.00747747332508195,0.0108642688829635,0.179899356583333,0.977946387666667,TRUE
"6__1161355",0.00757049979180641,0.0109694996983317,0.180501473833333,0.978072273833333,TRUE
"6__1067230",0.00870505070580603,0.0110895681838318,0.183575258666667,0.996022099,TRUE
"6__1085318",0.00838705489654272,0.0110895681838318,0.183554561416667,0.993213314666667,TRUE
"6__1129411",0.00870505070580603,0.0110895681838318,0.189360220583333,0.994430877166667,TRUE
"6__1130369",0.00866105972647607,0.0110895681838318,0.178364809666667,0.996489996,TRUE
"6__1133357",0.00838705489654272,0.0110895681838318,0.185277806666667,0.992580830166667,TRUE
"6__1133818",0.00869562359102511,0.0110895681838318,0.184968115333333,0.990636392,TRUE
"6__1135721",0.00835311842796531,0.0110895681838318,0.182223240833333,0.992990260666667,TRUE
"6__1136252",0.00838705489654272,0.0110895681838318,0.187682619583333,0.9926222005,TRUE
"6__1159922",0.00835311842796531,0.0110895681838318,0.184723160416667,0.996552542,TRUE
"6__1162676",0.00856209710496755,0.0110895681838318,0.1798921195,0.996742889,TRUE
"6__1165164",0.00838705489654272,0.0110895681838318,0.182387327166667,0.994553578333333,TRUE
"6__1169196",0.00835311842796531,0.0110895681838318,0.181038920333333,0.991956748333333,TRUE
"6__1184912",0.00835311842796531,0.0110895681838318,0.1775879295,0.996064448666667,TRUE
"6__1202673",0.00835311842796531,0.0110895681838318,0.179543601583333,0.995357656666667,TRUE
"6__1227764",0.00835311842796531,0.0110895681838318,0.23350712525,0.992801302666667,TRUE
"7__1169115",0.00772168902587905,0.0110895681838318,0.169333481083333,0.9911790705,TRUE
"6__1129886",0.00985307016515902,0.0124478288563397,0.182120926166667,0.995190984833333,TRUE
"6__1133281",0.00985307016515902,0.0124478288563397,0.184743467083333,0.991870776833333,TRUE
"6__1134194",0.00985307016515902,0.0124478288563397,0.183172401,0.992343634166667,TRUE
"6__1144525",0.00981493964732204,0.0124478288563397,0.182898108166667,0.995829824,TRUE
"6__1151462",0.00981493964732204,0.0124478288563397,0.1876319285,0.9905851875,TRUE
"3__10626",0.010006315526918,0.0125225922869185,0.392937425583333,0.951581126,TRUE
"3__46834",0.010006315526918,0.0125225922869185,0.409330082666667,0.991861175333333,TRUE
"6__946007",0.00996789584194826,0.0125225922869185,0.36545972125,0.991002713833333,TRUE
"6__1141165",0.010006315526918,0.0125225922869185,0.185195825333333,0.989734996,TRUE
"3__96554",0.0121427187554179,0.0133045220931276,0.284600636833333,0.994436425833333,TRUE
"6__1227408",0.0119617187847635,0.0133045220931276,0.249521854083333,0.996809806666667,TRUE
"7__1173363",0.0128326292253972,0.0140392988958579,0.259674316666667,0.992662965833333,TRUE
"3__89160",0.0148350663090476,0.0161053472162443,0.285689371166667,0.983129927833333,TRUE
"3__173820",0.0169268030919366,0.0176217451543622,0.276198190666667,0.972420895666667,TRUE
"6__1135691",0.0214830278879151,0.0222346207003203,0.182214679333333,0.992231923666667,TRUE
