Chr,id,physical_distance,genetic_distance
Chr1,Chr1__31104,0,0
Chr1,Chr1__31410,0.306,0.00294066
Chr1,Chr1__40663,9.559,0.09047404
Chr1,Chr1__52322,21.218,0.19377278
Chr1,Chr1__73671,42.567,0.77467907
Chr1,Chr1__74017,42.913,0.77874111
Chr1,Chr1__82174,51.07,1.13242863
Chr1,Chr1__83228,52.124,1.28238121
Chr1,Chr1__83264,52.16,1.28971873
Chr1,Chr1__84317,53.213,1.46260027
Chr1,Chr1__85211,54.107,1.62467353
Chr1,Chr1__85278,54.174,1.63592685
Chr1,Chr1__87126,56.022,1.86960645
Chr1,Chr1__107180,76.076,4.52515713
Chr1,Chr1__109428,78.324,4.79977281
Chr1,Chr1__132074,100.97,7.95028433
Chr1,Chr1__136286,105.182,8.73944465
Chr1,Chr1__303924,272.82,30.18034485
Chr1,Chr1__698027,666.923,83.99905053
Chr1,Chr1__715530,684.426,86.87881912
Chr1,Chr1__732150,701.046,89.00518192
Chr1,Chr1__755389,724.285,92.14779189
Chr1,Chr1__758101,726.997,92.48676477
Chr1,Chr1__773113,742.009,94.56877905
Chr1,Chr1__807015,775.911,99.00485575
Chr1,Chr1__814587,783.483,100.0035268
Chr1,Chr1__844126,813.022,104.2258315
Chr2,Chr2__23546,0,0
Chr2,Chr2__23946,0.4,0.043496
Chr2,Chr2__40644,17.098,1.9537472
Chr2,Chr2__41909,18.363,2.0835109
Chr2,Chr2__55683,32.137,3.51352758
Chr2,Chr2__60284,36.738,4.03017387
Chr2,Chr2__65095,41.549,8.77608104
Chr2,Chr2__65932,42.386,11.13853028
Chr2,Chr2__98233,74.687,100.5344549
Chr2,Chr2__98242,74.696,100.5593782
Chr2,Chr2__98245,74.699,100.5679731
Chr2,Chr2__111770,88.224,101.5738273
Chr2,Chr2__113740,90.194,101.7183268
Chr2,Chr2__115723,92.177,101.8396864
Chr2,Chr2__129854,106.308,102.7208956
Chr2,Chr2__136116,112.57,103.1070731
Chr2,Chr2__146433,122.887,103.92387
Chr2,Chr2__151591,128.045,104.7295496
Chr2,Chr2__159333,135.787,106.4125056
Chr2,Chr2__160241,136.695,106.6226985
Chr2,Chr2__161404,137.858,106.9377087
Chr2,Chr2__163139,139.593,107.4309345
Chr2,Chr2__163180,139.634,107.4408884
Chr2,Chr2__165521,141.975,108.0782959
Chr2,Chr2__166835,143.289,108.5858416
Chr2,Chr2__166888,143.342,108.6133533
Chr2,Chr2__167214,143.668,108.8512127
Chr2,Chr2__168270,144.724,109.6939218
Chr2,Chr2__168439,144.893,109.8216318
Chr2,Chr2__168473,144.927,109.8475231
Chr2,Chr2__172043,148.497,112.6369069
Chr2,Chr2__172561,149.015,113.0637026
Chr2,Chr2__173072,149.526,113.4529722
Chr2,Chr2__181477,157.931,118.6797896
Chr2,Chr2__181650,158.104,118.7670248
Chr2,Chr2__181854,158.308,118.8501589
Chr2,Chr2__182024,158.478,118.9005588
Chr2,Chr2__185029,161.483,118.9531463
Chr2,Chr2__186225,162.679,118.9549523
Chr2,Chr2__187750,164.204,118.957011
Chr2,Chr2__189352,165.806,118.961048
Chr2,Chr2__189948,166.402,118.9612924
Chr2,Chr2__195761,172.215,118.9660009
Chr2,Chr2__198179,174.633,119.0720061
Chr2,Chr2__198180,174.634,119.0720064
Chr2,Chr2__202948,179.402,119.0733415
Chr2,Chr2__229557,206.011,119.1124567
Chr2,Chr2__230196,206.65,119.1129168
Chr2,Chr2__232084,208.538,119.1135021
Chr2,Chr2__237046,213.5,119.1172236
Chr2,Chr2__237908,214.362,119.1176028
Chr2,Chr2__241490,217.944,119.1188565
Chr2,Chr2__249335,225.789,119.1209747
Chr2,Chr2__267621,244.075,119.1260948
Chr2,Chr2__282383,258.837,119.1665427
Chr2,Chr2__282713,259.167,119.1675789
Chr2,Chr2__283102,259.556,119.1690259
Chr2,Chr2__283330,259.784,119.1702457
Chr2,Chr2__283543,259.997,119.1725014
Chr2,Chr2__283672,260.126,119.172691
Chr2,Chr2__287664,264.118,119.1888986
Chr2,Chr2__292951,269.405,119.2636567
Chr2,Chr2__296881,273.335,119.6550847
Chr2,Chr2__301577,278.031,120.3040719
Chr2,Chr2__304525,280.979,120.4025351
Chr2,Chr2__305137,281.591,120.4027922
Chr2,Chr2__327378,303.832,120.5787185
Chr2,Chr2__327578,304.032,120.5788285
Chr2,Chr2__336076,312.53,120.5823976
Chr2,Chr2__352109,328.563,120.5929794
Chr2,Chr2__356342,332.796,120.5986516
Chr2,Chr2__359393,335.847,120.6010009
Chr2,Chr2__365814,342.268,120.6036977
Chr2,Chr2__381947,358.401,120.6125709
Chr2,Chr2__386699,363.153,120.6227402
Chr2,Chr2__388085,364.539,120.6234886
Chr2,Chr2__398419,374.873,120.6276222
Chr2,Chr2__411698,388.152,120.6742315
Chr2,Chr2__411968,388.422,120.6743881
Chr2,Chr2__416247,392.701,120.6767415
Chr2,Chr2__423427,399.881,120.6802597
Chr2,Chr2__430031,406.485,120.6826372
Chr2,Chr2__463571,440.025,120.7111462
Chr2,Chr2__465440,441.894,120.711763
Chr2,Chr2__545038,521.492,120.7428062
Chr2,Chr2__557007,533.461,120.7497482
Chr2,Chr2__561273,537.727,120.7514119
Chr2,Chr2__570663,547.117,120.7562008
Chr2,Chr2__577564,554.018,120.7592373
Chr2,Chr2__584178,560.632,120.7654544
Chr2,Chr2__585521,561.975,120.7662871
Chr2,Chr2__588254,564.708,120.7683915
Chr2,Chr2__589928,566.382,120.7690109
Chr2,Chr2__611546,588,120.781117
Chr2,Chr2__620053,596.507,120.7854555
Chr2,Chr2__645307,621.761,120.920817
Chr2,Chr2__654388,630.842,121.1743585
Chr2,Chr2__657007,633.461,123.0187892
Chr2,Chr2__657159,633.613,123.0226987
Chr2,Chr2__675350,651.804,123.4822033
Chr2,Chr2__681722,658.176,123.6980867
Chr2,Chr2__681862,658.316,123.7013837
Chr2,Chr2__685966,662.42,124.0896631
Chr2,Chr2__685967,662.421,124.0897376
Chr2,Chr2__686016,662.47,124.0942447
Chr2,Chr2__686144,662.598,124.1142255
Chr2,Chr2__686164,662.618,124.1183493
Chr2,Chr2__686168,662.622,124.1192277
Chr2,Chr2__703900,680.354,127.8523457
Chr2,Chr2__715999,692.453,129.5684679
Chr2,Chr2__746853,723.307,132.8713886
Chr2,Chr2__750166,726.62,133.1017083
Chr2,Chr2__785378,761.832,135.5580974
Chr2,Chr2__801683,778.137,137.8147094
Chr2,Chr2__801698,778.152,137.8157194
Chr2,Chr2__822759,799.213,139.3043109
Chr2,Chr2__867406,843.86,144.1900321
Chr2,Chr2__867690,844.144,144.2194261
Chr2,Chr2__868610,845.064,144.2844425
Chr2,Chr2__882846,859.3,145.2465114
Chr2,Chr2__915396,891.85,147.8459544
Chr2,Chr2__919021,895.475,148.1019881
Chr2,Chr2__927445,903.899,148.8965398
Chr3,Chr3__7056,0,0
Chr3,Chr3__10626,3.57,0.0123879
Chr3,Chr3__15813,8.757,0.07276458
Chr3,Chr3__15997,8.941,0.0735061
Chr3,Chr3__16876,9.82,0.07538716
Chr3,Chr3__22643,15.587,0.10387614
Chr3,Chr3__23276,16.22,0.10695885
Chr3,Chr3__23846,16.79,0.10854345
Chr3,Chr3__26099,19.043,0.16365183
Chr3,Chr3__26125,19.069,0.16374023
Chr3,Chr3__27895,20.839,0.16781123
Chr3,Chr3__34627,27.571,0.19729739
Chr3,Chr3__36296,29.24,0.20110271
Chr3,Chr3__46834,39.778,0.23672115
Chr3,Chr3__50708,43.652,0.25117117
Chr3,Chr3__58804,51.748,0.26954909
Chr3,Chr3__76579,69.523,7.63355384
Chr3,Chr3__78940,71.884,8.61655619
Chr3,Chr3__89160,82.104,9.23036939
Chr3,Chr3__94523,87.467,9.58674074
Chr3,Chr3__94806,87.75,9.60394997
Chr3,Chr3__95613,88.557,9.65098193
Chr3,Chr3__96554,89.498,9.69714739
Chr3,Chr3__102291,95.235,9.99317659
Chr3,Chr3__103469,96.413,10.07882897
Chr3,Chr3__103639,96.583,10.09035327
Chr3,Chr3__103794,96.738,10.10075377
Chr3,Chr3__103948,96.892,10.11308147
Chr3,Chr3__104045,96.989,10.11797124
Chr3,Chr3__109686,102.63,10.39894945
Chr3,Chr3__114518,107.462,10.67949537
Chr3,Chr3__115087,108.031,10.71377193
Chr3,Chr3__115535,108.479,10.73652137
Chr3,Chr3__118260,111.204,10.87037337
Chr3,Chr3__127366,120.31,11.33068167
Chr3,Chr3__134908,127.852,11.80258461
Chr3,Chr3__135390,128.334,11.85225953
Chr3,Chr3__135391,128.335,11.852312
Chr3,Chr3__138894,131.838,12.04939078
Chr3,Chr3__145262,138.206,12.42064518
Chr3,Chr3__148866,141.81,12.62081134
Chr3,Chr3__150336,143.28,12.70123504
Chr3,Chr3__152405,145.349,12.94970125
Chr3,Chr3__152407,145.351,12.94980913
Chr3,Chr3__163073,156.017,13.56374409
Chr3,Chr3__163924,156.868,13.64122764
Chr3,Chr3__163990,156.934,13.6450233
Chr3,Chr3__173820,166.764,13.7818569
Chr3,Chr3__192170,185.114,13.9873769
Chr3,Chr3__199815,192.759,14.1038867
Chr3,Chr3__200362,193.306,14.11228315
Chr3,Chr3__201734,194.678,14.12769071
Chr3,Chr3__209502,202.446,14.21469231
Chr3,Chr3__218094,211.038,16.67037183
Chr3,Chr3__222215,215.159,17.39558541
Chr3,Chr3__222391,215.335,17.39922157
Chr3,Chr3__223545,216.489,17.42148223
Chr3,Chr3__224434,217.378,17.44304048
Chr3,Chr3__224719,217.663,17.45434928
Chr3,Chr3__224736,217.68,17.45460598
Chr3,Chr3__225022,217.966,17.45648786
Chr3,Chr3__226443,219.387,17.46221449
Chr3,Chr3__231270,224.214,17.69724112
Chr3,Chr3__231271,224.215,17.69727965
Chr3,Chr3__231272,224.216,17.69733407
Chr3,Chr3__231273,224.217,17.69735566
Chr3,Chr3__231442,224.386,17.69854542
Chr3,Chr3__231797,224.741,17.70065412
Chr3,Chr3__232480,225.424,17.70430134
Chr3,Chr3__233353,226.297,17.71011552
Chr3,Chr3__233818,226.762,17.72140572
Chr3,Chr3__233863,226.807,17.72160597
Chr3,Chr3__235069,228.013,17.72792541
Chr3,Chr3__235613,228.557,17.73049309
Chr3,Chr3__236451,229.395,17.73445683
Chr3,Chr3__237328,230.272,17.75290014
Chr3,Chr3__237383,230.327,17.76694769
Chr3,Chr3__237384,230.328,17.76745045
Chr3,Chr3__237385,230.329,17.76827045
Chr3,Chr3__237388,230.332,17.77168118
Chr3,Chr3__237391,230.335,17.77656008
Chr3,Chr3__237394,230.338,17.78311925
Chr3,Chr3__237796,230.74,18.11482955
Chr3,Chr3__240082,233.026,19.89761237
Chr3,Chr3__240163,233.107,19.95321077
Chr3,Chr3__240181,233.125,19.96333397
Chr3,Chr3__240262,233.206,20.00144852
Chr3,Chr3__240265,233.209,20.00252999
Chr3,Chr3__240277,233.221,20.00534987
Chr3,Chr3__240478,233.422,20.01494159
Chr3,Chr3__248344,241.288,20.50593731
Chr3,Chr3__248695,241.639,20.52333287
Chr3,Chr3__250427,243.371,20.63579163
Chr3,Chr3__251071,244.015,20.67370391
Chr3,Chr3__252364,245.308,20.84313863
Chr3,Chr3__252367,245.311,20.843282
Chr3,Chr3__278239,271.183,21.08233928
Chr3,Chr3__339523,332.467,21.77913836
Chr3,Chr3__343070,336.014,21.8121964
Chr3,Chr3__348766,341.71,21.86585272
Chr3,Chr3__355620,348.564,21.93432418
Chr3,Chr3__360495,353.439,21.96849793
Chr3,Chr3__668648,661.592,24.92060367
Chr3,Chr3__908697,901.641,38.23852219
Chr3,Chr3__908702,901.646,38.23865279
Chr3,Chr3__908955,901.899,38.24289054
Chr3,Chr3__909215,902.159,38.24725074
Chr3,Chr3__909439,902.383,38.25024562
Chr3,Chr3__910180,903.124,38.26010092
Chr3,Chr3__910744,903.688,38.28546964
Chr3,Chr3__910794,903.738,38.28650864
Chr3,Chr3__910978,903.922,38.2892208
Chr3,Chr3__912899,905.843,38.32249252
Chr3,Chr3__914553,907.497,38.3501474
Chr3,Chr3__933539,926.483,38.82878446
Chr3,Chr3__934851,927.795,38.86684558
Chr3,Chr3__937326,930.27,38.94861958
Chr3,Chr3__939294,932.238,39.01966438
Chr3,Chr3__940541,933.485,39.06929498
Chr3,Chr3__941957,934.901,39.1219985
Chr3,Chr3__951923,944.867,39.47339966
Chr3,Chr3__976435,969.379,40.47667582
Chr3,Chr3__980581,973.525,40.69678696
Chr3,Chr3__986577,979.521,41.10037772
Chr3,Chr3__990685,983.629,41.759342
Chr3,Chr3__990686,983.63,41.75947511
Chr3,Chr3__990687,983.631,41.75960814
Chr3,Chr3__991106,984.05,41.80918422
Chr3,Chr3__993766,986.71,42.11364782
Chr3,Chr3__995454,988.398,42.30746398
Chr3,Chr3__998674,991.618,42.67142058
Chr3,Chr3__1004905,997.849,43.43291109
Chr3,Chr3__1006498,999.442,43.63413885
Chr3,Chr3__1007113,1000.057,43.7045625
Chr3,Chr3__1014545,1007.489,44.64850082
Chr3,Chr3__1019826,1012.77,45.33149255
Chr3,Chr3__1024093,1017.037,45.92818983
Chr3,Chr3__1032375,1025.319,51.36639949
Chr3,Chr3__1071755,1064.699,73.90514869
Chr3,Chr3__1074355,1067.299,75.39281669
Chr3,Chr3__1074418,1067.362,75.42998732
Chr3,Chr3__1074422,1067.366,75.43232552
Chr3,Chr3__1074425,1067.369,75.43405085
Chr3,Chr3__1074438,1067.382,75.44134333
Chr3,Chr3__1074439,1067.383,75.44189581
Chr3,Chr3__1074441,1067.385,75.44293243
Chr4,Chr4__216867,0,0
Chr4,Chr4__216868,0.001,0.00015653
Chr4,Chr4__216876,0.009,0.00149933
Chr4,Chr4__216990,0.123,0.01588043
Chr4,Chr4__219771,2.904,0.32131766
Chr4,Chr4__221362,4.495,0.47534237
Chr4,Chr4__229537,12.67,1.27281362
Chr4,Chr4__230324,13.457,1.35544075
Chr4,Chr4__230517,13.65,1.37398805
Chr4,Chr4__230794,13.927,1.39817846
Chr4,Chr4__232370,15.503,1.53256398
Chr4,Chr4__237249,20.382,1.97738241
Chr4,Chr4__237812,20.945,2.02621703
Chr4,Chr4__256412,39.545,3.67640903
Chr4,Chr4__261851,44.984,4.23347141
Chr4,Chr4__262728,45.861,4.33258995
Chr4,Chr4__264493,47.626,4.49398155
Chr4,Chr4__293035,76.168,7.33790643
Chr4,Chr4__294971,78.104,7.51282403
Chr4,Chr4__312195,95.328,16.45983083
Chr4,Chr4__320981,104.114,22.52261013
Chr4,Chr4__396828,179.961,40.57040378
Chr4,Chr4__399365,182.498,40.81788813
Chr4,Chr4__408855,191.988,41.77599853
Chr4,Chr4__425449,208.582,43.38014051
Chr4,Chr4__551146,334.279,55.61297255
Chr4,Chr4__568732,351.865,57.31353875
Chr4,Chr4__582845,365.978,57.93197041
Chr4,Chr4__587056,370.189,57.9357182
Chr4,Chr4__625854,408.987,57.96365276
Chr4,Chr4__655206,438.339,57.9862538
Chr4,Chr4__675713,458.846,57.99691744
Chr4,Chr4__791159,574.292,58.10081884
Chr4,Chr4__806864,589.997,58.10961364
Chr4,Chr4__890254,673.387,64.83251544
Chr4,Chr4__900323,683.456,65.7572524
Chr4,Chr4__911755,694.888,67.08313576
Chr4,Chr4__912899,696.032,67.183476
Chr4,Chr4__923333,706.466,68.12180562
Chr4,Chr4__928639,711.772,68.67532754
Chr4,Chr4__930187,713.32,68.81125742
Chr4,Chr4__935117,718.25,69.23666712
Chr4,Chr4__943013,726.146,74.80232064
Chr4,Chr4__943332,726.465,76.09269478
Chr4,Chr4__962743,745.876,77.4285598
Chr4,Chr4__973644,756.777,78.1763684
Chr4,Chr4__976096,759.229,78.3576938
Chr4,Chr4__977018,760.151,78.42506434
Chr4,Chr4__977963,761.096,78.50903704
Chr4,Chr4__978116,761.249,78.52178959
Chr4,Chr4__978613,761.746,78.55379142
Chr4,Chr4__994328,777.461,79.77013242
Chr4,Chr4__996003,779.136,79.92584042
Chr4,Chr4__1002989,786.122,81.09362018
Chr4,Chr4__1003595,786.728,81.2138627
Chr4,Chr4__1004085,787.218,81.3528659
Chr5,Chr5__168062,0,0
Chr5,Chr5__170080,2.018,0.04110666
Chr5,Chr5__308830,140.768,2.93126916
Chr5,Chr5__452244,284.182,9.23288032
Chr5,Chr5__627816,459.754,40.02469768
Chr5,Chr5__655171,487.109,45.42293338
Chr5,Chr5__655669,487.607,45.51681136
Chr5,Chr5__659024,490.962,46.29114536
Chr5,Chr5__666859,498.797,48.55749746
Chr5,Chr5__671266,503.204,49.82177762
Chr5,Chr5__671272,503.21,49.8233357
Chr5,Chr5__673433,505.371,50.35085741
Chr5,Chr5__695336,527.274,55.68073343
Chr5,Chr5__737858,569.796,72.60363899
Chr5,Chr5__747783,579.721,79.30886974
Chr5,Chr5__772978,604.916,83.53961414
Chr5,Chr5__773357,605.295,83.54830461
Chr5,Chr5__780443,612.381,83.71595937
Chr5,Chr5__788196,620.134,83.89559638
Chr5,Chr5__813249,645.187,84.50739064
Chr5,Chr5__823050,654.988,84.80426293
Chr5,Chr5__823735,655.673,84.82519653
Chr5,Chr5__825172,657.11,84.91565568
Chr5,Chr5__825243,657.181,84.91866821
Chr5,Chr5__825723,657.661,84.94132901
Chr5,Chr5__826951,658.889,85.01842285
Chr5,Chr5__827712,659.65,85.07792544
Chr5,Chr5__828710,660.648,85.15281536
Chr5,Chr5__830697,662.635,85.30561566
Chr5,Chr5__838123,670.061,86.2111421
Chr5,Chr5__838144,670.082,86.21370851
Chr5,Chr5__838340,670.278,86.22879855
Chr5,Chr5__845569,677.507,86.84102256
Chr5,Chr5__846555,678.493,86.92162806
Chr5,Chr5__848024,679.962,87.02553043
Chr5,Chr5__852215,684.153,87.30976405
Chr5,Chr5__863560,695.498,88.0917749
Chr5,Chr5__895743,727.681,90.75523998
Chr5,Chr5__896768,728.706,90.82751273
Chr5,Chr5__902822,734.76,91.24136417
Chr5,Chr5__921624,753.562,92.63384029
Chr5,Chr5__923631,755.569,92.77463134
Chr5,Chr5__936793,768.731,105.4803048
Chr5,Chr5__948785,780.723,116.1626585
Chr6,Chr6__80717,0,0
Chr6,Chr6__257738,177.021,3.4696116
Chr6,Chr6__258545,177.828,3.51388362
Chr6,Chr6__258546,177.829,3.51389401
Chr6,Chr6__260098,179.381,3.52258521
Chr6,Chr6__266547,185.83,3.54928407
Chr6,Chr6__274285,193.568,3.58108725
Chr6,Chr6__278218,197.501,3.59178501
Chr6,Chr6__529025,448.308,4.33417373
Chr6,Chr6__553964,473.247,4.40450171
Chr6,Chr6__619172,538.455,4.72728131
Chr6,Chr6__625691,544.974,4.74722945
Chr6,Chr6__717905,637.188,5.10040907
Chr6,Chr6__857791,777.074,9.31797197
Chr6,Chr6__883768,803.051,11.61485831
Chr6,Chr6__890729,810.012,12.29466957
Chr6,Chr6__892303,811.586,12.46329219
Chr6,Chr6__893412,812.695,12.5878218
Chr6,Chr6__896036,815.319,12.89839844
Chr6,Chr6__897010,816.293,13.00477872
Chr6,Chr6__910145,829.428,14.45514542
Chr6,Chr6__926355,845.638,16.28525442
Chr6,Chr6__931044,850.327,16.89782538
Chr6,Chr6__931126,850.409,16.90689048
Chr6,Chr6__932620,851.903,17.07096156
Chr6,Chr6__938952,858.235,17.78768064
Chr6,Chr6__944725,864.008,18.55312271
Chr6,Chr6__945648,864.931,18.68150278
Chr6,Chr6__946007,865.29,18.72456483
Chr6,Chr6__952870,872.153,19.54263443
Chr6,Chr6__953911,873.194,19.65600974
Chr6,Chr6__962525,881.808,20.41671208
Chr6,Chr6__964653,883.936,20.51998392
Chr6,Chr6__969109,888.392,20.5862892
Chr6,Chr6__973643,892.926,20.65148812
Chr6,Chr6__974726,894.009,20.6598922
Chr6,Chr6__998208,917.491,20.91044514
Chr6,Chr6__1009390,928.673,43.57434638
Chr6,Chr6__1023215,942.498,44.22384488
Chr6,Chr6__1024745,944.028,44.28311708
Chr6,Chr6__1031627,950.91,44.54862464
Chr6,Chr6__1041532,960.815,44.96324794
Chr6,Chr6__1042552,961.835,45.00159994
Chr6,Chr6__1048630,967.913,45.35199664
Chr6,Chr6__1048868,968.151,45.36132624
Chr6,Chr6__1056029,975.312,46.16342985
Chr6,Chr6__1067230,986.513,46.66747485
Chr6,Chr6__1085318,1004.601,47.49500085
Chr6,Chr6__1109275,1028.558,47.62892048
Chr6,Chr6__1113482,1032.765,47.65462525
Chr6,Chr6__1114115,1033.398,47.65766365
Chr6,Chr6__1115209,1034.492,47.66350561
Chr6,Chr6__1115722,1035.005,47.67373996
Chr6,Chr6__1115787,1035.07,47.67387906
Chr6,Chr6__1116871,1036.154,47.67705518
Chr6,Chr6__1117130,1036.413,47.67735044
Chr6,Chr6__1118145,1037.428,47.67834514
Chr6,Chr6__1120209,1039.492,47.68016146
Chr6,Chr6__1122668,1041.951,47.68365324
Chr6,Chr6__1123475,1042.758,47.68473462
Chr6,Chr6__1124140,1043.423,47.69030067
Chr6,Chr6__1124238,1043.521,47.69044767
Chr6,Chr6__1125122,1044.405,47.69512403
Chr6,Chr6__1125355,1044.638,47.69641252
Chr6,Chr6__1125475,1044.758,47.69665132
Chr6,Chr6__1125925,1045.208,47.70998032
Chr6,Chr6__1125942,1045.225,47.71050562
Chr6,Chr6__1125945,1045.228,47.71052032
Chr6,Chr6__1126161,1045.444,47.71086808
Chr6,Chr6__1127136,1046.419,47.71398808
Chr6,Chr6__1127352,1046.635,47.72024776
Chr6,Chr6__1127373,1046.656,47.72034037
Chr6,Chr6__1127518,1046.801,47.72065357
Chr6,Chr6__1127997,1047.28,47.73715991
Chr6,Chr6__1128006,1047.289,47.737259
Chr6,Chr6__1128063,1047.346,47.73892511
Chr6,Chr6__1128078,1047.361,47.73904016
Chr6,Chr6__1128144,1047.427,47.73971666
Chr6,Chr6__1128210,1047.493,47.73983282
Chr6,Chr6__1128808,1048.091,47.74660816
Chr6,Chr6__1128864,1048.147,47.74763744
Chr6,Chr6__1128885,1048.168,47.74834787
Chr6,Chr6__1128917,1048.2,47.74901827
Chr6,Chr6__1128930,1048.213,47.74926462
Chr6,Chr6__1128982,1048.265,47.75101494
Chr6,Chr6__1128983,1048.266,47.7510227
Chr6,Chr6__1129201,1048.484,47.75378258
Chr6,Chr6__1129411,1048.694,47.76218258
Chr6,Chr6__1129453,1048.736,47.76365006
Chr6,Chr6__1129471,1048.754,47.7641339
Chr6,Chr6__1129518,1048.801,47.76476229
Chr6,Chr6__1129565,1048.848,47.76608299
Chr6,Chr6__1129581,1048.864,47.76635483
Chr6,Chr6__1129661,1048.944,47.76969083
Chr6,Chr6__1129663,1048.946,47.76971577
Chr6,Chr6__1129801,1049.084,47.77274487
Chr6,Chr6__1129849,1049.132,47.77340679
Chr6,Chr6__1129886,1049.169,47.7736854
Chr6,Chr6__1130104,1049.387,47.7829395
Chr6,Chr6__1130124,1049.407,47.7835139
Chr6,Chr6__1130125,1049.408,47.78351984
Chr6,Chr6__1130369,1049.652,47.78900984
Chr6,Chr6__1130400,1049.683,47.78974888
Chr6,Chr6__1130432,1049.715,47.7898804
Chr6,Chr6__1130736,1050.019,47.79038504
Chr6,Chr6__1131643,1050.926,47.79177275
Chr6,Chr6__1132329,1051.612,47.79302127
Chr6,Chr6__1133281,1052.564,47.80372175
Chr6,Chr6__1133357,1052.64,47.80390263
Chr6,Chr6__1133818,1053.101,47.80668246
Chr6,Chr6__1133976,1053.259,47.81008104
Chr6,Chr6__1133994,1053.277,47.81024412
Chr6,Chr6__1134060,1053.343,47.8114044
Chr6,Chr6__1134109,1053.392,47.81185961
Chr6,Chr6__1134194,1053.477,47.81239341
Chr6,Chr6__1134354,1053.637,47.81260621
Chr6,Chr6__1135026,1054.309,47.81363437
Chr6,Chr6__1135691,1054.974,47.82262517
Chr6,Chr6__1135721,1055.004,47.82265967
Chr6,Chr6__1136050,1055.333,47.82364996
Chr6,Chr6__1136252,1055.535,47.82420748
Chr6,Chr6__1136633,1055.916,47.82687448
Chr6,Chr6__1136672,1055.955,47.82785962
Chr6,Chr6__1136700,1055.983,47.8278795
Chr6,Chr6__1137713,1056.996,47.83263047
Chr6,Chr6__1137820,1057.103,47.83274603
Chr6,Chr6__1139276,1058.559,47.83443499
Chr6,Chr6__1139902,1059.185,47.83573707
Chr6,Chr6__1140237,1059.52,47.83642717
Chr6,Chr6__1140898,1060.181,47.84968022
Chr6,Chr6__1140917,1060.2,47.84972354
Chr6,Chr6__1141165,1060.448,47.84998146
Chr6,Chr6__1141839,1061.122,47.85146426
Chr6,Chr6__1142134,1061.417,47.85173566
Chr6,Chr6__1143557,1062.84,47.86549607
Chr6,Chr6__1143607,1062.89,47.86573357
Chr6,Chr6__1143769,1063.052,47.86626817
Chr6,Chr6__1144525,1063.808,48.03352561
Chr6,Chr6__1144701,1063.984,48.17487473
Chr6,Chr6__1145833,1065.116,48.32466097
Chr6,Chr6__1146096,1065.379,48.32623634
Chr6,Chr6__1146405,1065.688,48.326774
Chr6,Chr6__1146870,1066.153,48.32782025
Chr6,Chr6__1147144,1066.427,48.32808603
Chr6,Chr6__1148231,1067.514,48.33108615
Chr6,Chr6__1148396,1067.679,48.33128415
Chr6,Chr6__1148870,1068.153,48.33199989
Chr6,Chr6__1149101,1068.384,48.33230712
Chr6,Chr6__1149551,1068.834,48.33249612
Chr6,Chr6__1150475,1069.758,48.33319836
Chr6,Chr6__1150955,1070.238,48.33368796
Chr6,Chr6__1151346,1070.629,48.33470847
Chr6,Chr6__1151462,1070.745,48.33500195
Chr6,Chr6__1151535,1070.818,48.3350421
Chr6,Chr6__1152255,1071.538,48.3384621
Chr6,Chr6__1152300,1071.583,48.33848505
Chr6,Chr6__1152774,1072.057,48.33876945
Chr6,Chr6__1153087,1072.37,48.33909184
Chr6,Chr6__1153341,1072.624,48.33953126
Chr6,Chr6__1153478,1072.761,48.33969018
Chr6,Chr6__1153681,1072.964,48.3448342
Chr6,Chr6__1153687,1072.97,48.34484014
Chr6,Chr6__1153867,1073.15,48.34490494
Chr6,Chr6__1155698,1074.981,48.34712045
Chr6,Chr6__1155863,1075.146,48.34717325
Chr6,Chr6__1157154,1076.437,48.34763801
Chr6,Chr6__1158521,1077.804,48.34807545
Chr6,Chr6__1159922,1079.205,48.34888803
Chr6,Chr6__1160705,1079.988,48.34935
Chr6,Chr6__1161079,1080.362,48.34951456
Chr6,Chr6__1161354,1080.637,48.36452131
Chr6,Chr6__1161355,1080.638,48.36455378
Chr6,Chr6__1161356,1080.639,48.3645544
Chr6,Chr6__1161629,1080.912,48.36767206
Chr6,Chr6__1161642,1080.925,48.36769065
Chr6,Chr6__1161755,1081.038,48.36773811
Chr6,Chr6__1162649,1081.932,48.37404975
Chr6,Chr6__1162676,1081.959,48.37410456
Chr6,Chr6__1162800,1082.083,48.37421368
Chr6,Chr6__1163160,1082.443,48.37468168
Chr6,Chr6__1163610,1082.893,48.38040118
Chr6,Chr6__1163632,1082.915,48.38041328
Chr6,Chr6__1164660,1083.943,48.38140016
Chr6,Chr6__1165082,1084.365,48.38330338
Chr6,Chr6__1165164,1084.447,48.3833452
Chr6,Chr6__1166408,1085.691,48.38873172
Chr6,Chr6__1166482,1085.765,48.3889108
Chr6,Chr6__1166762,1086.045,48.3898964
Chr6,Chr6__1166982,1086.265,48.3900306
Chr6,Chr6__1169013,1088.296,48.47906964
Chr6,Chr6__1169052,1088.335,48.96785664
Chr6,Chr6__1169121,1088.404,48.97566054
Chr6,Chr6__1169196,1088.479,48.97597554
Chr6,Chr6__1173263,1092.546,48.99488709
Chr6,Chr6__1174801,1094.084,49.00562233
Chr6,Chr6__1175808,1095.091,49.01317483
Chr6,Chr6__1177126,1096.409,49.01797235
Chr6,Chr6__1182743,1102.026,49.16704753
Chr6,Chr6__1184912,1104.195,49.42461628
Chr6,Chr6__1197039,1116.322,50.83680543
Chr6,Chr6__1202673,1121.956,51.54263295
Chr6,Chr6__1214010,1133.293,52.90318632
Chr6,Chr6__1217125,1136.408,53.27586492
Chr6,Chr6__1218994,1138.277,53.49446316
Chr6,Chr6__1225912,1145.195,54.32005728
Chr6,Chr6__1227408,1146.691,54.5178584
Chr6,Chr6__1227764,1147.047,54.55997676
Chr6,Chr6__1235753,1155.036,64.50100902
Chr6,Chr6__1242156,1161.439,66.81780651
Chr6,Chr6__1243062,1162.345,66.89325819
Chr6,Chr6__1245532,1164.815,67.08586879
Chr7,Chr7__32597,0,0
Chr7,Chr7__33460,0.863,0.04115647
Chr7,Chr7__35758,3.161,0.25886899
Chr7,Chr7__35914,3.317,0.27018367
Chr7,Chr7__36007,3.41,0.27641467
Chr7,Chr7__36057,3.46,0.28134967
Chr7,Chr7__36067,3.47,0.28195047
Chr7,Chr7__36120,3.523,0.28621909
Chr7,Chr7__36282,3.685,0.29793007
Chr7,Chr7__36352,3.755,0.30272647
Chr7,Chr7__36625,4.028,0.32734015
Chr7,Chr7__36628,4.031,0.32758936
Chr7,Chr7__36631,4.034,0.32786305
Chr7,Chr7__36646,4.049,0.32950645
Chr7,Chr7__36652,4.055,0.33028099
Chr7,Chr7__36658,4.061,0.33081055
Chr7,Chr7__36949,4.352,0.35962828
Chr7,Chr7__37405,4.808,2.2892242
Chr7,Chr7__37406,4.809,2.29789282
Chr7,Chr7__49049,16.452,2.72099944
Chr7,Chr7__60420,27.823,3.1890298
Chr7,Chr7__60601,28.004,3.19452677
Chr7,Chr7__61650,29.053,3.22340574
Chr7,Chr7__66127,33.53,3.33542028
Chr7,Chr7__68492,35.895,3.38766313
Chr7,Chr7__82381,49.784,3.72363804
Chr7,Chr7__84388,51.791,3.77864991
Chr7,Chr7__85330,52.733,3.80443245
Chr7,Chr7__87355,54.758,3.8558472
Chr7,Chr7__102114,69.517,4.22290353
Chr7,Chr7__115311,82.714,4.60297713
Chr7,Chr7__116536,83.939,4.63699538
Chr7,Chr7__121178,88.581,6.54406824
Chr7,Chr7__129380,96.783,11.43984204
Chr7,Chr7__155222,122.625,12.6668202
Chr7,Chr7__165357,132.76,13.1360707
Chr7,Chr7__169956,137.359,13.35378736
Chr7,Chr7__171411,138.814,13.48926241
Chr7,Chr7__171539,138.942,13.49597345
Chr7,Chr7__172677,140.08,13.55905279
Chr7,Chr7__172987,140.39,13.57322599
Chr7,Chr7__183433,150.836,14.15099425
Chr7,Chr7__185661,153.064,14.25069725
Chr7,Chr7__200215,167.618,14.93604511
Chr7,Chr7__210709,178.112,25.56300409
Chr7,Chr7__300162,267.565,104.7476942
Chr7,Chr7__301268,268.671,105.7279641
Chr7,Chr7__305857,273.26,105.9296507
Chr7,Chr7__306198,273.601,105.9302713
Chr7,Chr7__308494,275.897,105.9321311
Chr7,Chr7__314131,281.534,105.9433487
Chr7,Chr7__315204,282.607,105.9944879
Chr7,Chr7__315208,282.611,105.9944911
Chr7,Chr7__318927,286.33,105.9973919
Chr7,Chr7__325529,292.932,106.0113882
Chr7,Chr7__326071,293.474,106.0120061
Chr7,Chr7__326936,294.339,106.0136063
Chr7,Chr7__328180,295.583,106.014701
Chr7,Chr7__330324,297.727,106.0162233
Chr7,Chr7__334563,301.966,106.0210557
Chr7,Chr7__335845,303.248,106.0227993
Chr7,Chr7__337183,304.586,106.0237626
Chr7,Chr7__347124,314.527,106.0578602
Chr7,Chr7__347491,314.894,106.058286
Chr7,Chr7__348801,316.204,106.0625566
Chr7,Chr7__349230,316.633,106.0666664
Chr7,Chr7__349377,316.78,106.0676719
Chr7,Chr7__349623,317.026,106.068614
Chr7,Chr7__350671,318.074,106.0959878
Chr7,Chr7__351428,318.831,106.2452606
Chr7,Chr7__361046,328.449,108.1769398
Chr7,Chr7__378869,346.272,112.3575026
Chr7,Chr7__379031,346.434,112.3935282
Chr7,Chr7__411487,378.89,119.3689717
Chr7,Chr7__422683,390.086,121.7744323
Chr7,Chr7__448015,415.418,129.2770108
Chr7,Chr7__469460,436.863,131.9246105
Chr7,Chr7__473567,440.97,132.0185786
Chr7,Chr7__476602,444.005,132.0712359
Chr7,Chr7__482247,449.65,132.1665235
Chr7,Chr7__492153,459.556,132.9476116
Chr7,Chr7__493226,460.629,133.2283191
Chr7,Chr7__493335,460.738,133.2644515
Chr7,Chr7__500630,468.033,133.3762839
Chr7,Chr7__509033,476.436,133.4945141
Chr7,Chr7__520137,487.54,133.6606299
Chr7,Chr7__526169,493.572,133.7544878
Chr7,Chr7__537185,504.588,133.9097033
Chr7,Chr7__554067,521.47,134.1771141
Chr7,Chr7__559344,526.747,134.2485647
Chr7,Chr7__606760,574.163,134.7089741
Chr7,Chr7__608350,575.753,134.7169241
Chr7,Chr7__610009,577.412,134.7171895
Chr7,Chr7__666943,634.346,134.7240216
Chr7,Chr7__713340,680.743,134.7351569
Chr7,Chr7__722064,689.467,134.7369017
Chr7,Chr7__735689,703.092,134.7386729
Chr7,Chr7__767446,734.849,134.7596326
Chr7,Chr7__768936,736.339,134.7597816
Chr7,Chr7__808308,775.711,134.7668685
Chr7,Chr7__821339,788.742,134.769996
Chr7,Chr7__828199,795.602,134.7752782
Chr7,Chr7__829727,797.13,134.7755685
Chr7,Chr7__837666,805.069,134.7769181
Chr7,Chr7__860410,827.813,134.7814669
Chr7,Chr7__866854,834.257,134.7823046
Chr7,Chr7__875319,842.722,134.7838283
Chr7,Chr7__932569,899.972,134.7992858
Chr7,Chr7__949719,917.122,134.9587808
Chr7,Chr7__949794,917.197,134.9589541
Chr7,Chr7__949932,917.335,134.9592342
Chr7,Chr7__950253,917.656,134.970145
Chr7,Chr7__950256,917.659,134.9703024
Chr7,Chr7__950259,917.662,134.9703945
Chr7,Chr7__950283,917.686,134.9707283
Chr7,Chr7__950376,917.779,134.9731668
Chr7,Chr7__950379,917.782,134.9732071
Chr7,Chr7__950517,917.92,134.975226
Chr7,Chr7__950637,918.04,134.9752752
Chr7,Chr7__963897,931.3,134.9878722
Chr7,Chr7__970131,937.534,135.3553665
Chr7,Chr7__1025871,993.274,138.9857127
Chr7,Chr7__1050552,1017.955,139.6651807
Chr7,Chr7__1051098,1018.501,139.6669279
Chr7,Chr7__1052491,1019.894,139.6687666
Chr7,Chr7__1055357,1022.76,139.6935862
Chr7,Chr7__1055442,1022.845,139.6937672
Chr7,Chr7__1055627,1023.03,139.6955469
Chr7,Chr7__1055661,1023.064,139.6959896
Chr7,Chr7__1055689,1023.092,139.6960403
Chr7,Chr7__1055982,1023.385,139.6992076
Chr7,Chr7__1055999,1023.402,139.699252
Chr7,Chr7__1056119,1023.522,139.6995904
Chr7,Chr7__1056211,1023.614,139.7025326
Chr7,Chr7__1056216,1023.619,139.7026478
Chr7,Chr7__1056221,1023.624,139.7026642
Chr7,Chr7__1056333,1023.736,139.7040586
Chr7,Chr7__1056345,1023.748,139.7042588
Chr7,Chr7__1056356,1023.759,139.7045087
Chr7,Chr7__1056357,1023.76,139.7045122
Chr7,Chr7__1056429,1023.832,139.7047462
Chr7,Chr7__1056493,1023.896,139.7048736
Chr7,Chr7__1056601,1024.004,139.7051782
Chr7,Chr7__1056715,1024.118,139.7103538
Chr7,Chr7__1056717,1024.12,139.7103646
Chr7,Chr7__1056750,1024.153,139.7109167
Chr7,Chr7__1056753,1024.156,139.7109562
Chr7,Chr7__1056767,1024.17,139.7111728
Chr7,Chr7__1056770,1024.173,139.7112032
Chr7,Chr7__1056792,1024.195,139.7115754
Chr7,Chr7__1056799,1024.202,139.7118162
Chr7,Chr7__1056802,1024.205,139.7119347
Chr7,Chr7__1056803,1024.206,139.7119457
Chr7,Chr7__1056814,1024.217,139.7120478
Chr7,Chr7__1056831,1024.234,139.7122395
Chr7,Chr7__1056838,1024.241,139.7123425
Chr7,Chr7__1056841,1024.244,139.7123802
Chr7,Chr7__1056858,1024.261,139.7127709
Chr7,Chr7__1056868,1024.271,139.7128369
Chr7,Chr7__1056889,1024.292,139.7131781
Chr7,Chr7__1056899,1024.302,139.7132975
Chr7,Chr7__1056923,1024.326,139.7136882
Chr7,Chr7__1056925,1024.328,139.7136968
Chr7,Chr7__1056959,1024.362,139.7144199
Chr7,Chr7__1056966,1024.369,139.7145367
Chr7,Chr7__1056974,1024.377,139.7147106
Chr7,Chr7__1056979,1024.382,139.7147653
Chr7,Chr7__1056991,1024.394,139.7150137
Chr7,Chr7__1057000,1024.403,139.7150826
Chr7,Chr7__1057023,1024.426,139.715408
Chr7,Chr7__1057043,1024.446,139.7156076
Chr7,Chr7__1057063,1024.466,139.7160528
Chr7,Chr7__1057064,1024.467,139.7160831
Chr7,Chr7__1057066,1024.469,139.7161724
Chr7,Chr7__1057067,1024.47,139.716182
Chr7,Chr7__1057074,1024.477,139.7162843
Chr7,Chr7__1057084,1024.487,139.7164449
Chr7,Chr7__1057086,1024.489,139.7164556
Chr7,Chr7__1057119,1024.522,139.718033
Chr7,Chr7__1057121,1024.524,139.7180425
Chr7,Chr7__1057158,1024.561,139.7183636
Chr7,Chr7__1057170,1024.573,139.7185328
Chr7,Chr7__1057179,1024.582,139.718692
Chr7,Chr7__1057185,1024.588,139.7188516
Chr7,Chr7__1057187,1024.59,139.7189508
Chr7,Chr7__1057188,1024.591,139.7189677
Chr7,Chr7__1057191,1024.594,139.7189775
Chr7,Chr7__1057251,1024.654,139.7192571
Chr7,Chr7__1057308,1024.711,139.7193609
Chr7,Chr7__1057470,1024.873,139.7198064
Chr7,Chr7__1057544,1024.947,139.7208934
Chr7,Chr7__1057560,1024.963,139.7214169
Chr7,Chr7__1057564,1024.967,139.7214354
Chr7,Chr7__1057625,1025.028,139.7226292
Chr7,Chr7__1057630,1025.033,139.7227478
Chr7,Chr7__1057633,1025.036,139.7227824
Chr7,Chr7__1057650,1025.053,139.7229639
Chr7,Chr7__1057665,1025.068,139.7239026
Chr7,Chr7__1057666,1025.069,139.7239137
Chr7,Chr7__1057680,1025.083,139.7240415
Chr7,Chr7__1057703,1025.106,139.7247223
Chr7,Chr7__1057704,1025.107,139.7247397
Chr7,Chr7__1057712,1025.115,139.7250106
Chr7,Chr7__1057713,1025.116,139.7250205
Chr7,Chr7__1057725,1025.128,139.7250553
Chr7,Chr7__1057813,1025.216,139.7252814
Chr7,Chr7__1057890,1025.293,139.7257773
Chr7,Chr7__1057946,1025.349,139.7291216
Chr7,Chr7__1057947,1025.35,139.7291696
Chr7,Chr7__1057950,1025.353,139.7291827
Chr7,Chr7__1058005,1025.408,139.7301424
Chr7,Chr7__1058033,1025.436,139.7305028
Chr7,Chr7__1058058,1025.461,139.731438
Chr7,Chr7__1058065,1025.468,139.7314543
Chr7,Chr7__1058935,1026.338,139.7324026
Chr7,Chr7__1065843,1033.246,139.7393797
Chr7,Chr7__1073164,1040.567,139.7476525
Chr7,Chr7__1075327,1042.73,139.7541847
Chr7,Chr7__1076039,1043.442,139.755089
Chr7,Chr7__1079596,1046.999,140.1694795
Chr7,Chr7__1146918,1114.321,150.8413629
Chr7,Chr7__1147058,1114.461,150.8577401
Chr7,Chr7__1148344,1115.747,151.0083436
Chr7,Chr7__1150749,1118.152,151.4187087
Chr7,Chr7__1150888,1118.291,151.4426042
Chr7,Chr7__1150990,1118.393,151.4549085
Chr7,Chr7__1160318,1127.721,157.1715733
Chr7,Chr7__1168329,1135.732,162.1510506
Chr7,Chr7__1169115,1136.518,162.6569753
Chr7,Chr7__1173363,1140.766,165.4581065
Chr7,Chr7__1189417,1156.82,167.2991792
Chr7,Chr7__1193605,1161.008,167.5195936
Chr7,Chr7__1194057,1161.46,167.5321005
Chr7,Chr7__1196878,1164.281,167.6068287
Chr7,Chr7__1200973,1168.376,167.7142815
Chr7,Chr7__1208946,1176.349,168.0054555
Chr7,Chr7__1209973,1177.376,168.0557169
Chr7,Chr7__1210097,1177.5,168.0631346
Chr7,Chr7__1210423,1177.826,168.0948837
Chr7,Chr7__1210531,1177.934,168.1158778
Chr7,Chr7__1210574,1177.977,168.1285981
Chr7,Chr7__1210624,1178.027,168.1540971
Chr7,Chr7__1210642,1178.045,168.1659609
Chr7,Chr7__1211098,1178.501,168.3645899
Chr7,Chr7__1211197,1178.6,168.3848067
Chr7,Chr7__1219760,1187.163,170.1378241
Chr7,Chr7__1222178,1189.581,170.6817532
Chr7,Chr7__1222320,1189.723,170.7117947
Chr7,Chr7__1225903,1193.306,171.5375329
Chr7,Chr7__1226429,1193.832,171.6465885
Chr7,Chr7__1228951,1196.354,172.1688694
Chr7,Chr7__1230049,1197.452,172.3888757
Chr7,Chr7__1234761,1202.164,173.4268822
Chr7,Chr7__1235059,1202.462,173.4928981
Chr7,Chr7__1235306,1202.709,173.5434294
Chr7,Chr7__1240882,1208.285,174.8508899
Chr7,Chr7__1244570,1211.973,175.610581
Chr7,Chr7__1249220,1216.623,176.562436
Chr7,Chr7__1249945,1217.348,176.711496
Chr7,Chr7__1255902,1223.305,176.8943759
Chr7,Chr7__1260268,1227.671,177.0842532
Chr7,Chr7__1260493,1227.896,177.0960927
Chr7,Chr7__1260643,1228.046,177.1008672
Chr7,Chr7__1262644,1230.047,177.1559948
Chr7,Chr7__1264275,1231.678,177.204305
Chr7,Chr7__1264881,1232.284,177.2203397
Chr7,Chr7__1267786,1235.189,177.300663
Chr7,Chr7__1268667,1236.07,177.3233928
Chr7,Chr7__1277813,1245.216,177.5605486
Chr7,Chr7__1287197,1254.6,177.908695
Chr7,Chr7__1287994,1255.397,177.9308755
Chr7,Chr7__1296479,1263.882,178.2713785
Chr7,Chr7__1299854,1267.257,178.4328385
Chr7,Chr7__1300306,1267.709,178.4451646
Chr7,Chr7__1312184,1279.587,181.9080767
Chr7,Chr7__1313116,1280.519,183.0591247
Chr8,Chr8__26150,0,0
Chr8,Chr8__28612,2.462,0.248662
Chr8,Chr8__35881,9.731,0.89974633
Chr8,Chr8__81887,55.737,5.29101903
Chr8,Chr8__132714,106.564,12.0159394
Chr8,Chr8__164962,138.812,16.01340148
Chr8,Chr8__164995,138.845,16.01772877
Chr8,Chr8__165019,138.869,16.02049789
Chr8,Chr8__182668,156.518,17.70262408
Chr8,Chr8__203744,177.594,19.65447244
Chr8,Chr8__246363,220.213,23.76848451
Chr8,Chr8__299740,273.59,32.48815123
Chr8,Chr8__300386,274.236,32.56782241
Chr8,Chr8__300389,274.239,32.56824364
Chr8,Chr8__300392,274.242,32.56853197
Chr8,Chr8__355261,329.111,42.52341464
Chr8,Chr8__370306,344.156,46.80130994
Chr8,Chr8__445672,419.522,67.43275244
Chr8,Chr8__462119,435.969,67.98586505
Chr8,Chr8__475172,449.022,68.22943403
Chr8,Chr8__476021,449.871,68.23977485
Chr8,Chr8__477170,451.02,68.25151763
Chr8,Chr8__479042,452.892,68.26995683
Chr8,Chr8__481474,455.324,68.29541987
Chr8,Chr8__483479,457.329,68.32288837
Chr8,Chr8__483699,457.549,68.32489917
Chr8,Chr8__493095,466.945,68.52296685
Chr8,Chr8__495313,469.163,68.72442779
Chr8,Chr8__509259,483.109,69.47709341
Chr8,Chr8__520584,494.434,69.90936866
Chr8,Chr8__520880,494.73,69.90979194
Chr8,Chr8__526923,500.773,69.94937359
Chr8,Chr8__527228,501.078,69.94973349
Chr8,Chr8__534633,508.483,69.95824924
Chr8,Chr8__542194,516.044,69.96694439
Chr8,Chr8__546395,520.245,69.97669071
Chr8,Chr8__547410,521.26,69.97776661
Chr8,Chr8__554879,528.729,69.99606566
Chr8,Chr8__556808,530.658,69.99905561
Chr8,Chr8__566065,539.915,71.42861412
Chr8,Chr8__575867,549.717,72.91097058
Chr8,Chr8__581205,555.055,73.72181278
Chr8,Chr8__587594,561.444,74.78973413
Chr8,Chr8__606856,580.706,77.88590801
Chr8,Chr8__609986,583.836,78.36933651
Chr8,Chr8__615371,589.221,81.88827246
Chr8,Chr8__620887,594.737,81.9248987
Chr8,Chr8__621512,595.362,81.92644245
Chr8,Chr8__622369,596.219,81.93147304
Chr8,Chr8__622463,596.313,81.93163378
Chr8,Chr8__623688,597.538,81.93317728
Chr8,Chr8__625101,598.951,81.93529678
Chr8,Chr8__625950,599.8,81.93890503
Chr8,Chr8__626077,599.927,81.94202034
Chr8,Chr8__626100,599.95,81.94207623
Chr8,Chr8__626480,600.33,81.94552663
Chr8,Chr8__626535,600.385,81.94558493
Chr8,Chr8__628826,602.676,81.95248084
Chr8,Chr8__629218,603.068,81.95277484
Chr8,Chr8__633354,607.204,81.95835844
Chr8,Chr8__635130,608.98,81.95992132
Chr8,Chr8__637861,611.711,81.96218805
Chr8,Chr8__641817,615.667,81.96618361
Chr8,Chr8__643053,616.903,81.96924889
Chr8,Chr8__643370,617.22,81.96957857
Chr8,Chr8__644876,618.726,81.97239479
Chr8,Chr8__645315,619.165,81.97403665
Chr8,Chr8__645539,619.389,81.97492817
Chr8,Chr8__645723,619.573,81.97588681
Chr8,Chr8__645821,619.671,81.97665611
Chr8,Chr8__645946,619.796,81.97688986
Chr8,Chr8__663609,637.459,83.90286338
Chr8,Chr8__672421,646.271,83.9161695
Chr8,Chr8__674383,648.233,83.91640494
Chr8,Chr8__681613,655.463,83.91698334
Chr8,Chr8__695441,669.291,83.92127002
Chr8,Chr8__698252,672.102,83.92174789
Chr8,Chr8__701727,675.577,83.92275564
Chr8,Chr8__703707,677.557,83.92305264
Chr8,Chr8__706200,680.05,83.92317729
Chr8,Chr8__724420,698.27,84.48362449
Chr8,Chr8__724426,698.276,84.48362491
Chr8,Chr8__733536,707.386,84.48408041
Chr8,Chr8__740270,714.12,84.48448445
Chr8,Chr8__756899,730.749,84.48614735
Chr8,Chr8__759577,733.427,84.48628125
Chr8,Chr8__766409,740.259,84.48662285
Chr8,Chr8__780115,753.965,84.48813051
Chr8,Chr8__783560,757.41,84.49512386
Chr8,Chr8__783617,757.467,84.49512956
Chr8,Chr8__786426,760.276,84.49532619
Chr8,Chr8__789174,763.024,84.49540863
Chr8,Chr8__805928,779.778,84.49708403
Chr8,Chr8__808851,782.701,84.49737633
Chr8,Chr8__811629,785.479,84.49779303
Chr8,Chr8__812954,786.804,84.49793878
Chr8,Chr8__814167,788.017,84.4979873
Chr8,Chr8__818732,792.582,84.4981699
Chr8,Chr8__828248,802.098,84.50635366
Chr8,Chr8__828453,802.303,84.50637621
Chr8,Chr8__830758,804.608,84.50669891
Chr8,Chr8__831625,805.475,84.50675093
Chr8,Chr8__836332,810.182,84.50693921
Chr8,Chr8__852203,826.053,84.50931986
Chr8,Chr8__853182,827.032,84.50948629
Chr8,Chr8__854358,828.208,84.50955685
Chr8,Chr8__865009,838.859,84.50998289
Chr8,Chr8__874728,848.578,84.51066322
Chr8,Chr8__877940,851.79,84.51133774
Chr8,Chr8__878600,852.45,84.51137074
Chr8,Chr8__883570,857.42,84.51236474
Chr8,Chr8__884132,857.982,84.5125783
Chr8,Chr8__884617,858.467,84.5125977
Chr8,Chr8__891449,865.299,84.51369082
Chr8,Chr8__892813,866.663,84.51390906
Chr8,Chr8__894661,868.511,84.5140569
Chr8,Chr8__897276,871.126,84.5153121
Chr8,Chr8__897725,871.575,84.51533455
Chr8,Chr8__904709,878.559,84.51617263
Chr8,Chr8__907220,881.07,84.51664972
Chr8,Chr8__908358,882.208,84.5170594
Chr8,Chr8__908971,882.821,84.51709618
Chr8,Chr8__912569,886.419,84.51752794
Chr8,Chr8__919875,893.725,84.5179663
Chr8,Chr8__930103,903.953,84.51868226
Chr8,Chr8__944277,918.127,84.55383378
Chr8,Chr8__944352,918.202,84.55384953
Chr8,Chr8__945822,919.672,84.55392303
Chr8,Chr8__951945,925.795,84.56194416
Chr8,Chr8__952184,926.034,84.5624604
Chr8,Chr8__952484,926.334,84.5624814
Chr8,Chr8__964783,938.633,84.56703203
Chr8,Chr8__966913,940.763,84.56782013
Chr8,Chr8__970433,944.283,84.56866493
Chr8,Chr8__975871,949.721,85.97650875
Chr8,Chr8__979720,953.57,87.04345155
Chr8,Chr8__979860,953.71,87.04847475
Chr8,Chr8__1001137,974.987,87.78061632
Chr8,Chr8__1005724,979.574,87.9427209
Chr8,Chr8__1018603,992.453,88.55164002
Chr8,Chr8__1019097,992.947,88.56875218
Chr8,Chr8__1025503,999.353,88.83018104
Chr8,Chr8__1026391,1000.241,88.8609236
Chr8,Chr8__1031304,1005.154,89.0461437
Chr8,Chr8__1034063,1007.913,90.21074519
Chr8,Chr8__1040035,1013.885,92.25054151
Chr8,Chr8__1040541,1014.391,92.29150727
Chr8,Chr8__1041700,1015.55,92.33135369
Chr8,Chr8__1042258,1016.108,92.33477981
Chr8,Chr8__1045891,1019.741,92.35817633
Chr8,Chr8__1049169,1023.019,92.38089287
Chr8,Chr8__1050998,1024.848,92.39140962
Chr8,Chr8__1053000,1026.85,92.45239054
Chr8,Chr8__1053075,1026.925,92.45422654
Chr8,Chr8__1053158,1027.008,92.45473865
Chr8,Chr8__1057093,1030.943,92.48692695
Chr8,Chr8__1058585,1032.435,92.49769919
Chr8,Chr8__1063663,1037.513,95.42140847
Chr8,Chr8__1070238,1044.088,99.21564372
Chr8,Chr8__1070455,1044.305,99.32562149
Chr8,Chr8__1077854,1051.704,103.9280215
Chr8,Chr8__1083743,1057.593,106.8498488
Chr8,Chr8__1090645,1064.495,110.1135976
Chr8,Chr8__1095126,1068.976,112.2031775
Chr8,Chr8__1096950,1070.8,113.0681912
Chr8,Chr8__1099591,1073.441,114.2827079
Chr8,Chr8__1150042,1123.892,139.0269054
Chr8,Chr8__1150077,1123.927,139.0426932
Chr8,Chr8__1154740,1128.59,141.870383
Chr8,Chr8__1232237,1206.087,177.5128032
Chr8,Chr8__1238422,1212.272,180.3261742
Chr8,Chr8__1252306,1226.156,187.1687647
